Project Name,Package Name,Type Name,Method Name,LOC,CC,PC,Line no,IsTest,Main prod class tested,Production classes tested
..,com.Group11.soulfulplates.controllers,AuthController,registerUser,0,6,1,57,0,com.Group11.soulfulplates.repository.UserRepository,com.Group11.soulfulplates.repository.UserRepository; com.Group11.soulfulplates.repository.RoleRepository; com.Group11.soulfulplates.models.Store
..,com.Group11.soulfulplates.controllers,AuthController,authenticateUser,17,2,1,112,0,com.Group11.soulfulplates.security.jwt.JwtUtils,com.Group11.soulfulplates.security.jwt.JwtUtils; com.Group11.soulfulplates.security.services.UserDetailsImpl; com.Group11.soulfulplates.models.Store; com.Group11.soulfulplates.repository.StoreRepository
..,com.Group11.soulfulplates.controllers,AuthController,generateForgetPasswordCode,13,2,1,145,0,com.Group11.soulfulplates.repository.UserRepository,com.Group11.soulfulplates.repository.UserRepository; com.Group11.soulfulplates.payload.response.OtpResponse
..,com.Group11.soulfulplates.controllers,AuthController,resetPassword,22,3,1,162,0,com.Group11.soulfulplates.repository.UserRepository,com.Group11.soulfulplates.repository.UserRepository
..,com.Group11.soulfulplates.controllers,CategoryController,createCategory,5,1,1,27,0,com.Group11.soulfulplates.payload.request.CategoryRequest,com.Group11.soulfulplates.payload.request.CategoryRequest; com.Group11.soulfulplates.services.impl.CategoryService
..,com.Group11.soulfulplates.controllers,CategoryController,editCategory,6,1,2,35,0,com.Group11.soulfulplates.services.impl.CategoryService,com.Group11.soulfulplates.services.impl.CategoryService; com.Group11.soulfulplates.payload.request.CategoryRequest; com.Group11.soulfulplates.models.Category
..,com.Group11.soulfulplates.controllers,CategoryController,deleteCategory,4,1,1,45,0,com.Group11.soulfulplates.services.impl.CategoryService,com.Group11.soulfulplates.services.impl.CategoryService
..,com.Group11.soulfulplates.controllers,CategoryController,createSubcategory,6,1,1,52,0,com.Group11.soulfulplates.payload.request.SubcategoryRequest,com.Group11.soulfulplates.payload.request.SubcategoryRequest; com.Group11.soulfulplates.services.impl.SubcategoryService; com.Group11.soulfulplates.services.impl.CategoryService
..,com.Group11.soulfulplates.controllers,CategoryController,editSubcategory,6,1,2,61,0,com.Group11.soulfulplates.services.impl.SubcategoryService,com.Group11.soulfulplates.services.impl.SubcategoryService; com.Group11.soulfulplates.payload.request.SubcategoryRequest; com.Group11.soulfulplates.models.SubCategory
..,com.Group11.soulfulplates.controllers,CategoryController,deleteSubcategory,4,1,1,71,0,com.Group11.soulfulplates.services.impl.SubcategoryService,com.Group11.soulfulplates.services.impl.SubcategoryService
..,com.Group11.soulfulplates.controllers,CategoryController,getAllCategoriesWithSubcategoriesByStoreId,4,1,1,78,0,com.Group11.soulfulplates.services.impl.CategoryService,com.Group11.soulfulplates.services.impl.CategoryService
..,com.Group11.soulfulplates.controllers,MenuItemController,createMenuItem,6,1,1,21,0,com.Group11.soulfulplates.services.impl.MenuItemService,com.Group11.soulfulplates.services.impl.MenuItemService; com.Group11.soulfulplates.controllers.MenuItemController
..,com.Group11.soulfulplates.controllers,MenuItemController,editMenuItem,11,2,2,29,0,com.Group11.soulfulplates.services.impl.MenuItemService,com.Group11.soulfulplates.services.impl.MenuItemService; com.Group11.soulfulplates.controllers.MenuItemController
..,com.Group11.soulfulplates.controllers,MenuItemController,deleteMenuItem,4,1,1,43,0,com.Group11.soulfulplates.services.impl.MenuItemService,com.Group11.soulfulplates.services.impl.MenuItemService
..,com.Group11.soulfulplates.controllers,MenuItemController,mapRequestToMenuItem,14,1,2,50,0,,
..,com.Group11.soulfulplates.controllers,OrderController,createOrder,4,1,1,26,0,com.Group11.soulfulplates.services.OrderService,com.Group11.soulfulplates.services.OrderService
..,com.Group11.soulfulplates.controllers,OrderController,updateOrderStatus,9,2,1,33,0,com.Group11.soulfulplates.services.OrderService,com.Group11.soulfulplates.services.OrderService
..,com.Group11.soulfulplates.controllers,OrderController,getOrderDetails,9,1,1,65,0,com.Group11.soulfulplates.payload.request.GetOrderDetailsRequest,com.Group11.soulfulplates.payload.request.GetOrderDetailsRequest; com.Group11.soulfulplates.services.OrderService
..,com.Group11.soulfulplates.controllers,OrderController,getOrdersForUser,9,1,1,76,0,com.Group11.soulfulplates.payload.request.GetOrdersRequest,com.Group11.soulfulplates.payload.request.GetOrdersRequest; com.Group11.soulfulplates.services.OrderService
..,com.Group11.soulfulplates.controllers,OrderController,getOrdersForStore,9,1,1,87,0,com.Group11.soulfulplates.payload.request.GetStoreOrders,com.Group11.soulfulplates.payload.request.GetStoreOrders; com.Group11.soulfulplates.services.OrderService
..,com.Group11.soulfulplates.controllers,PaymentController,createPaymentAndTransaction,9,1,1,26,0,com.Group11.soulfulplates.services.PaymentService,com.Group11.soulfulplates.services.PaymentService
..,com.Group11.soulfulplates.controllers,PaymentController,updatePaymentStatus,9,1,1,37,0,com.Group11.soulfulplates.payload.request.UpdatePaymentStatusRequest,com.Group11.soulfulplates.payload.request.UpdatePaymentStatusRequest; com.Group11.soulfulplates.services.PaymentService
..,com.Group11.soulfulplates.controllers,PaymentController,filterPayments,10,1,1,48,0,com.Group11.soulfulplates.services.PaymentService,com.Group11.soulfulplates.services.PaymentService; com.Group11.soulfulplates.payload.request.PaymentFilterRequestBuyer
..,com.Group11.soulfulplates.controllers,PaymentController,filterSellerPayments,10,1,1,60,0,com.Group11.soulfulplates.services.PaymentService,com.Group11.soulfulplates.services.PaymentService
..,com.Group11.soulfulplates.controllers,RatingController,addRating,9,1,1,21,0,com.Group11.soulfulplates.services.RatingService,com.Group11.soulfulplates.services.RatingService
..,com.Group11.soulfulplates.controllers,RatingController,getAverageRating,9,1,1,33,0,com.Group11.soulfulplates.services.RatingService,com.Group11.soulfulplates.services.RatingService
..,com.Group11.soulfulplates.controllers,StoreController,createStore,8,2,1,42,0,com.Group11.soulfulplates.services.StoreService,com.Group11.soulfulplates.services.StoreService; com.Group11.soulfulplates.models.Store
..,com.Group11.soulfulplates.controllers,StoreController,getStoreById,3,1,1,52,0,com.Group11.soulfulplates.services.StoreService,com.Group11.soulfulplates.services.StoreService
..,com.Group11.soulfulplates.controllers,StoreController,getAllStores,4,1,0,60,0,com.Group11.soulfulplates.services.StoreService,com.Group11.soulfulplates.services.StoreService
..,com.Group11.soulfulplates.controllers,StoreController,deleteStore,8,2,1,79,0,com.Group11.soulfulplates.services.StoreService,com.Group11.soulfulplates.services.StoreService
..,com.Group11.soulfulplates.controllers,StoreController,updateStore,12,1,2,91,0,com.Group11.soulfulplates.services.StoreService,com.Group11.soulfulplates.services.StoreService
..,com.Group11.soulfulplates.controllers,StoreController,updateUserImage,25,3,2,108,0,,
..,com.Group11.soulfulplates.controllers,TransactionController,updateTransactionStatus,9,1,1,22,0,com.Group11.soulfulplates.services.TransactionService,com.Group11.soulfulplates.services.TransactionService; com.Group11.soulfulplates.payload.request.UpdateTransactionStatusRequest
..,com.Group11.soulfulplates.controllers,UserController,toggleNotificationFlag,6,1,1,43,0,com.Group11.soulfulplates.repository.UserRepository,com.Group11.soulfulplates.repository.UserRepository
..,com.Group11.soulfulplates.controllers,UserController,createAddressForUser,6,1,2,57,0,com.Group11.soulfulplates.repository.UserRepository,com.Group11.soulfulplates.repository.UserRepository
..,com.Group11.soulfulplates.controllers,UserController,getAllAddressesForUser,13,2,1,69,0,com.Group11.soulfulplates.repository.AddressRepository,com.Group11.soulfulplates.repository.AddressRepository; com.Group11.soulfulplates.repository.UserRepository
..,com.Group11.soulfulplates.controllers,UserController,updateAddressForUser,14,1,3,98,0,com.Group11.soulfulplates.repository.UserRepository,com.Group11.soulfulplates.repository.UserRepository
..,com.Group11.soulfulplates.controllers,UserController,deleteAddressForUser,6,1,2,121,0,com.Group11.soulfulplates.repository.UserRepository,com.Group11.soulfulplates.repository.UserRepository
..,com.Group11.soulfulplates.controllers,UserController,updateUserImage,25,3,2,137,0,com.Group11.soulfulplates.repository.UserRepository,com.Group11.soulfulplates.repository.UserRepository
..,com.Group11.soulfulplates.controllers,UserController,getUserAndNearestStore,29,5,2,179,0,com.Group11.soulfulplates.controllers.UserController,com.Group11.soulfulplates.controllers.UserController; com.Group11.soulfulplates.services.AddressService
..,com.Group11.soulfulplates.controllers,UserController,calculateDistance,8,1,4,231,0,,
..,com.Group11.soulfulplates.controllers,WishlistController,getAllWishlists,3,1,0,23,0,com.Group11.soulfulplates.services.impl.WishlistServiceImpl,com.Group11.soulfulplates.services.impl.WishlistServiceImpl
..,com.Group11.soulfulplates.controllers,WishlistController,getWishlistById,4,1,1,29,0,com.Group11.soulfulplates.services.impl.WishlistServiceImpl,com.Group11.soulfulplates.services.impl.WishlistServiceImpl
..,com.Group11.soulfulplates.controllers,WishlistController,createWishlist,10,2,1,37,0,com.Group11.soulfulplates.services.impl.WishlistServiceImpl,com.Group11.soulfulplates.services.impl.WishlistServiceImpl
..,com.Group11.soulfulplates.controllers,WishlistController,deleteWishlist,9,2,1,61,0,com.Group11.soulfulplates.services.impl.WishlistServiceImpl,com.Group11.soulfulplates.services.impl.WishlistServiceImpl
..,com.Group11.soulfulplates.controllers,AuthControllerTest,setUp,3,1,0,65,0,,
..,com.Group11.soulfulplates.controllers,AuthControllerTest,testRegisterUserUsernameTaken,9,1,0,71,1,com.Group11.soulfulplates.controllers.AuthController,com.Group11.soulfulplates.repository.UserRepository; com.Group11.soulfulplates.controllers.AuthController
..,com.Group11.soulfulplates.controllers,AuthControllerTest,testRegisterUserEmailTaken,5,1,0,86,1,com.Group11.soulfulplates.controllers.AuthController,com.Group11.soulfulplates.repository.UserRepository; com.Group11.soulfulplates.controllers.AuthController
..,com.Group11.soulfulplates.controllers,AuthControllerTest,testRegisterSuccessful,7,1,0,96,1,com.Group11.soulfulplates.controllers.AuthController,com.Group11.soulfulplates.repository.RoleRepository; com.Group11.soulfulplates.controllers.AuthController
..,com.Group11.soulfulplates.controllers,AuthControllerTest,testRegisterUser_Success,13,1,0,110,1,com.Group11.soulfulplates.controllers.AuthController,com.Group11.soulfulplates.repository.UserRepository; com.Group11.soulfulplates.repository.RoleRepository; com.Group11.soulfulplates.controllers.AuthController
..,com.Group11.soulfulplates.controllers,AuthControllerTest,testAuthenticateUser,3,1,0,139,1,,
..,com.Group11.soulfulplates.controllers,UserControllerTest,setUp,3,1,0,37,0,,
..,com.Group11.soulfulplates.controllers,UserControllerTest,testToggleNotificationFlag_UserExists_NotificationFlagToggled,18,1,0,42,1,com.Group11.soulfulplates.controllers.UserController,com.Group11.soulfulplates.controllers.UserController; com.Group11.soulfulplates.repository.UserRepository
..,com.Group11.soulfulplates.controllers,UserControllerTest,testCreateAddressForUser_UserExists_AddressCreatedSuccessfully,17,1,0,67,1,com.Group11.soulfulplates.controllers.UserController,com.Group11.soulfulplates.controllers.UserController; com.Group11.soulfulplates.repository.UserRepository
..,com.Group11.soulfulplates.controllers,UserControllerTest,testGetAllAddressesForUser_UserExists_AddressesFetchedSuccessfully,36,1,0,93,1,com.Group11.soulfulplates.controllers.UserController,com.Group11.soulfulplates.controllers.UserController; com.Group11.soulfulplates.repository.AddressRepository; com.Group11.soulfulplates.repository.UserRepository
..,com.Group11.soulfulplates.controllers,UserControllerTest,testUpdateAddressForUser_UserAndAddressExist_AddressUpdatedSuccessfully,28,1,0,141,1,com.Group11.soulfulplates.controllers.UserController,com.Group11.soulfulplates.controllers.UserController; com.Group11.soulfulplates.repository.UserRepository
..,com.Group11.soulfulplates.exception,GlobalExceptionHandler,handleTypeMismatchException,7,1,1,18,0,,
..,com.Group11.soulfulplates.exception,GlobalExceptionHandler,handleIllegalArgumentException,7,1,1,28,0,,
..,com.Group11.soulfulplates.exception,GlobalExceptionHandler,handleHttpRequestMethodNotSupportedException,7,1,1,37,0,,
..,com.Group11.soulfulplates.exception,GlobalExceptionHandler,handleDataIntegrityViolationException,7,1,1,56,0,,
..,com.Group11.soulfulplates,Group11SoulfulPlates,Group11SoulfulPlates,3,1,1,14,0,,
..,com.Group11.soulfulplates,Group11SoulfulPlates,main,3,1,1,18,0,,
..,com.Group11.soulfulplates,Group11SoulfulPlates,run,7,2,1,22,0,com.Group11.soulfulplates.Group11SoulfulPlates,com.Group11.soulfulplates.Group11SoulfulPlates
..,com.Group11.soulfulplates,Group11SoulfulPlates,isTableEmpty,4,1,1,31,0,,
..,com.Group11.soulfulplates,Group11SoulfulPlates,contextLoads,2,1,0,9,1,,
..,com.Group11.soulfulplates.models,CartItem,getCartItemId,3,1,0,29,0,,
..,com.Group11.soulfulplates.models,CartItem,setCartItemId,3,1,1,33,0,,
..,com.Group11.soulfulplates.models,CartItem,getItemId,3,1,0,37,0,,
..,com.Group11.soulfulplates.models,CartItem,setItemId,3,1,1,41,0,,
..,com.Group11.soulfulplates.models,CartItem,getName,3,1,0,45,0,,
..,com.Group11.soulfulplates.models,CartItem,setName,3,1,1,49,0,,
..,com.Group11.soulfulplates.models,CartItem,getPrice,3,1,0,53,0,,
..,com.Group11.soulfulplates.models,CartItem,setPrice,3,1,1,57,0,,
..,com.Group11.soulfulplates.models,CartItem,getQuantity,3,1,0,61,0,,
..,com.Group11.soulfulplates.models,CartItem,setQuantity,3,1,1,65,0,,
..,com.Group11.soulfulplates.models,CartItem,getOrder,3,1,0,69,0,,
..,com.Group11.soulfulplates.models,CartItem,setOrder,3,1,1,73,0,,
..,com.Group11.soulfulplates.models,CartItem,toString,3,1,0,77,0,,
..,com.Group11.soulfulplates.models,Category,Category,2,1,0,24,0,,
..,com.Group11.soulfulplates.models,Category,Category,4,1,2,26,0,,
..,com.Group11.soulfulplates.models,Category,getCategoryId,3,1,0,32,0,,
..,com.Group11.soulfulplates.models,Category,setCategoryId,3,1,1,36,0,,
..,com.Group11.soulfulplates.models,Category,getCategoryName,3,1,0,40,0,,
..,com.Group11.soulfulplates.models,Category,setCategoryName,3,1,1,44,0,,
..,com.Group11.soulfulplates.models,Category,getStoreId,3,1,0,48,0,,
..,com.Group11.soulfulplates.models,Category,setStoreId,3,1,1,52,0,,
..,com.Group11.soulfulplates.models,Category,getSubcategories,3,1,0,56,0,,
..,com.Group11.soulfulplates.models,Category,setSubcategories,3,1,1,60,0,,
..,com.Group11.soulfulplates.models,Order,getOrderId,3,1,0,54,0,,
..,com.Group11.soulfulplates.models,Order,setOrderId,3,1,1,58,0,,
..,com.Group11.soulfulplates.models,Order,getUser,3,1,0,62,0,,
..,com.Group11.soulfulplates.models,Order,setUser,3,1,1,66,0,,
..,com.Group11.soulfulplates.models,Order,getStore,3,1,0,70,0,,
..,com.Group11.soulfulplates.models,Order,setStore,3,1,1,74,0,,
..,com.Group11.soulfulplates.models,Order,getInstructions,3,1,0,78,0,,
..,com.Group11.soulfulplates.models,Order,setInstructions,3,1,1,82,0,,
..,com.Group11.soulfulplates.models,Order,getCartItems,3,1,0,86,0,,
..,com.Group11.soulfulplates.models,Order,setCartItems,3,1,1,90,0,,
..,com.Group11.soulfulplates.models,Order,getStatus,3,1,0,94,0,,
..,com.Group11.soulfulplates.models,Order,setStatus,3,1,1,98,0,,
..,com.Group11.soulfulplates.models,Order,getCreatedAt,3,1,0,102,0,,
..,com.Group11.soulfulplates.models,Order,setCreatedAt,3,1,1,106,0,,
..,com.Group11.soulfulplates.models,Order,getUpdatedAt,3,1,0,110,0,,
..,com.Group11.soulfulplates.models,Order,setUpdatedAt,3,1,1,114,0,,
..,com.Group11.soulfulplates.models,Order,getRating,3,1,0,118,0,,
..,com.Group11.soulfulplates.models,Order,setRating,3,1,1,122,0,,
..,com.Group11.soulfulplates.models,Order,toString,3,1,0,126,0,com.Group11.soulfulplates.models.Rating,com.Group11.soulfulplates.models.Rating; com.Group11.soulfulplates.models.Store
..,com.Group11.soulfulplates.models,Payment,getPaymentId,3,1,0,51,0,,
..,com.Group11.soulfulplates.models,Payment,setPaymentId,3,1,1,55,0,,
..,com.Group11.soulfulplates.models,Payment,getTransaction,3,1,0,59,0,,
..,com.Group11.soulfulplates.models,Payment,setTransaction,3,1,1,63,0,,
..,com.Group11.soulfulplates.models,Payment,getOrder,3,1,0,67,0,,
..,com.Group11.soulfulplates.models,Payment,setOrder,3,1,1,71,0,,
..,com.Group11.soulfulplates.models,Payment,getAmount,3,1,0,75,0,,
..,com.Group11.soulfulplates.models,Payment,setAmount,3,1,1,79,0,,
..,com.Group11.soulfulplates.models,Payment,getStatus,3,1,0,83,0,,
..,com.Group11.soulfulplates.models,Payment,setStatus,3,1,1,87,0,,
..,com.Group11.soulfulplates.models,Payment,getStore,3,1,0,91,0,,
..,com.Group11.soulfulplates.models,Payment,setStore,3,1,1,95,0,,
..,com.Group11.soulfulplates.models,Payment,getCreatedAt,3,1,0,99,0,,
..,com.Group11.soulfulplates.models,Payment,setCreatedAt,3,1,1,103,0,,
..,com.Group11.soulfulplates.models,Payment,getUpdatedAt,3,1,0,107,0,,
..,com.Group11.soulfulplates.models,Payment,setUpdatedAt,3,1,1,111,0,,
..,com.Group11.soulfulplates.models,Payment,toString,3,1,0,115,0,,
..,com.Group11.soulfulplates.models,Rating,Rating,2,1,0,41,0,,
..,com.Group11.soulfulplates.models,Rating,getRatingId,3,1,0,47,0,,
..,com.Group11.soulfulplates.models,Rating,setRatingId,3,1,1,51,0,,
..,com.Group11.soulfulplates.models,Rating,getRating,3,1,0,55,0,,
..,com.Group11.soulfulplates.models,Rating,setRating,3,1,1,59,0,,
..,com.Group11.soulfulplates.models,Rating,getFeedback,3,1,0,63,0,,
..,com.Group11.soulfulplates.models,Rating,setFeedback,3,1,1,67,0,,
..,com.Group11.soulfulplates.models,Rating,getStore,3,1,0,71,0,,
..,com.Group11.soulfulplates.models,Rating,setStore,3,1,1,75,0,,
..,com.Group11.soulfulplates.models,Rating,getCreatedAt,3,1,0,79,0,,
..,com.Group11.soulfulplates.models,Rating,setCreatedAt,3,1,1,83,0,,
..,com.Group11.soulfulplates.models,Rating,getUpdatedAt,3,1,0,87,0,,
..,com.Group11.soulfulplates.models,Rating,setUpdatedAt,3,1,1,91,0,,
..,com.Group11.soulfulplates.models,Rating,toString,3,1,0,95,0,com.Group11.soulfulplates.models.Store,com.Group11.soulfulplates.models.Store
..,com.Group11.soulfulplates.models,Role,Role,2,1,0,19,0,,
..,com.Group11.soulfulplates.models,Role,Role,3,1,1,22,0,,
..,com.Group11.soulfulplates.models,Store,getStoreId,3,1,0,44,0,,
..,com.Group11.soulfulplates.models,Store,setStoreId,3,1,1,48,0,,
..,com.Group11.soulfulplates.models,Store,getStoreName,3,1,0,52,0,,
..,com.Group11.soulfulplates.models,Store,setStoreName,3,1,1,56,0,,
..,com.Group11.soulfulplates.models,Store,getStoreEmail,3,1,0,60,0,,
..,com.Group11.soulfulplates.models,Store,setStoreEmail,3,1,1,64,0,,
..,com.Group11.soulfulplates.models,Store,getContactNumber,3,1,0,68,0,,
..,com.Group11.soulfulplates.models,Store,setContactNumber,3,1,1,72,0,,
..,com.Group11.soulfulplates.models,Store,getUser,3,1,0,76,0,,
..,com.Group11.soulfulplates.models,Store,setUser,3,1,1,80,0,,
..,com.Group11.soulfulplates.models,Store,getStoreDescription,3,1,0,84,0,,
..,com.Group11.soulfulplates.models,Store,setStoreDescription,3,1,1,88,0,,
..,com.Group11.soulfulplates.models,Store,toString,3,1,0,92,0,,
..,com.Group11.soulfulplates.models,SubCategory,SubCategory,2,1,0,24,0,,
..,com.Group11.soulfulplates.models,SubCategory,SubCategory,5,1,3,26,0,,
..,com.Group11.soulfulplates.models,SubCategory,getSubcategoryId,3,1,0,33,0,,
..,com.Group11.soulfulplates.models,SubCategory,setSubcategoryId,3,1,1,37,0,,
..,com.Group11.soulfulplates.models,SubCategory,getSubcategoryName,3,1,0,41,0,,
..,com.Group11.soulfulplates.models,SubCategory,setSubcategoryName,3,1,1,45,0,,
..,com.Group11.soulfulplates.models,SubCategory,getCategory,3,1,0,49,0,,
..,com.Group11.soulfulplates.models,SubCategory,setCategory,3,1,1,53,0,,
..,com.Group11.soulfulplates.models,SubCategory,getStoreId,3,1,0,57,0,,
..,com.Group11.soulfulplates.models,SubCategory,setStoreId,3,1,1,61,0,,
..,com.Group11.soulfulplates.models,Transaction,getTransactionId,3,1,0,46,0,,
..,com.Group11.soulfulplates.models,Transaction,setTransactionId,3,1,1,50,0,,
..,com.Group11.soulfulplates.models,Transaction,getUser,3,1,0,54,0,,
..,com.Group11.soulfulplates.models,Transaction,setUser,3,1,1,58,0,,
..,com.Group11.soulfulplates.models,Transaction,getCardNumber,3,1,0,62,0,,
..,com.Group11.soulfulplates.models,Transaction,setCardNumber,3,1,1,66,0,,
..,com.Group11.soulfulplates.models,Transaction,getCardExpiry,3,1,0,70,0,,
..,com.Group11.soulfulplates.models,Transaction,setCardExpiry,3,1,1,74,0,,
..,com.Group11.soulfulplates.models,Transaction,getCvv,3,1,0,78,0,,
..,com.Group11.soulfulplates.models,Transaction,setCvv,3,1,1,82,0,,
..,com.Group11.soulfulplates.models,Transaction,getStatus,3,1,0,86,0,,
..,com.Group11.soulfulplates.models,Transaction,setStatus,3,1,1,90,0,,
..,com.Group11.soulfulplates.models,Transaction,getCreatedAt,3,1,0,94,0,,
..,com.Group11.soulfulplates.models,Transaction,setCreatedAt,3,1,1,98,0,,
..,com.Group11.soulfulplates.models,Transaction,getUpdatedAt,3,1,0,102,0,,
..,com.Group11.soulfulplates.models,Transaction,setUpdatedAt,3,1,1,106,0,,
..,com.Group11.soulfulplates.models,Transaction,toString,3,1,0,110,0,,
..,com.Group11.soulfulplates.models,User,User,2,1,0,72,0,,
..,com.Group11.soulfulplates.models,User,User,7,1,5,75,0,,
..,com.Group11.soulfulplates.models,WishlistItem,WishlistItem,2,1,0,26,0,,
..,com.Group11.soulfulplates.models,WishlistItem,getWishlistItemId,3,1,0,30,0,,
..,com.Group11.soulfulplates.models,WishlistItem,setWishlistItemId,3,1,1,34,0,,
..,com.Group11.soulfulplates.models,WishlistItem,getWishlist,3,1,0,38,0,,
..,com.Group11.soulfulplates.models,WishlistItem,setWishlist,3,1,1,42,0,,
..,com.Group11.soulfulplates.models,WishlistItem,getMenuItem,3,1,0,46,0,,
..,com.Group11.soulfulplates.models,WishlistItem,setMenuItem,3,1,1,50,0,,
..,com.Group11.soulfulplates.models,WishlistItem,getAddedDate,3,1,0,54,0,,
..,com.Group11.soulfulplates.models,WishlistItem,setAddedDate,3,1,1,58,0,,
..,com.Group11.soulfulplates.payload.request,CartItemDto,CartItemDto,2,1,0,9,0,,
..,com.Group11.soulfulplates.payload.request,CartItemDto,CartItemDto,5,1,3,11,0,,
..,com.Group11.soulfulplates.payload.request,CartItemDto,getMenuItemId,3,1,0,18,0,,
..,com.Group11.soulfulplates.payload.request,CartItemDto,setMenuItemId,3,1,1,22,0,,
..,com.Group11.soulfulplates.payload.request,CartItemDto,getQuantity,3,1,0,26,0,,
..,com.Group11.soulfulplates.payload.request,CartItemDto,setQuantity,3,1,1,30,0,,
..,com.Group11.soulfulplates.payload.request,CartItemDto,getNotes,3,1,0,34,0,,
..,com.Group11.soulfulplates.payload.request,CartItemDto,setNotes,3,1,1,38,0,,
..,com.Group11.soulfulplates.payload.request,CategoryRequest,getCategoryName,3,1,0,6,0,,
..,com.Group11.soulfulplates.payload.request,CategoryRequest,setCategoryName,3,1,1,10,0,,
..,com.Group11.soulfulplates.payload.request,CategoryRequest,getStoreId,3,1,0,14,0,,
..,com.Group11.soulfulplates.payload.request,CategoryRequest,setStoreId,3,1,1,18,0,,
..,com.Group11.soulfulplates.payload.request,CreateCartItemRequest,CreateCartItemRequest,2,1,0,12,0,,
..,com.Group11.soulfulplates.payload.request,CreateCartItemRequest,CreateCartItemRequest,6,1,4,15,0,,
..,com.Group11.soulfulplates.payload.request,CreateCartItemRequest,getCartId,3,1,0,22,0,,
..,com.Group11.soulfulplates.payload.request,CreateCartItemRequest,setCartId,3,1,1,26,0,,
..,com.Group11.soulfulplates.payload.request,CreateCartItemRequest,getMenuItemId,3,1,0,30,0,,
..,com.Group11.soulfulplates.payload.request,CreateCartItemRequest,setMenuItemId,3,1,1,34,0,,
..,com.Group11.soulfulplates.payload.request,CreateCartItemRequest,getQuantity,3,1,0,38,0,,
..,com.Group11.soulfulplates.payload.request,CreateCartItemRequest,setQuantity,3,1,1,42,0,,
..,com.Group11.soulfulplates.payload.request,CreateCartItemRequest,getNotes,3,1,0,46,0,,
..,com.Group11.soulfulplates.payload.request,CreateCartItemRequest,setNotes,3,1,1,50,0,,
..,com.Group11.soulfulplates.payload.request,CreateCartRequest,CreateCartRequest,2,1,0,10,0,,
..,com.Group11.soulfulplates.payload.request,CreateCartRequest,CreateCartRequest,4,1,2,13,0,,
..,com.Group11.soulfulplates.payload.request,CreateCartRequest,getUserId,3,1,0,18,0,,
..,com.Group11.soulfulplates.payload.request,CreateCartRequest,setUserId,3,1,1,22,0,,
..,com.Group11.soulfulplates.payload.request,CreateCartRequest,getServiceProviderId,3,1,0,26,0,,
..,com.Group11.soulfulplates.payload.request,CreateCartRequest,setServiceProviderId,3,1,1,30,0,,
..,com.Group11.soulfulplates.payload.request,CreateOrderRequest,getUserId,3,1,0,13,0,,
..,com.Group11.soulfulplates.payload.request,CreateOrderRequest,setUserId,3,1,1,17,0,,
..,com.Group11.soulfulplates.payload.request,CreateOrderRequest,getStoreId,3,1,0,21,0,,
..,com.Group11.soulfulplates.payload.request,CreateOrderRequest,setStoreId,3,1,1,25,0,,
..,com.Group11.soulfulplates.payload.request,CreateOrderRequest,getInstructions,3,1,0,29,0,,
..,com.Group11.soulfulplates.payload.request,CreateOrderRequest,setInstructions,3,1,1,33,0,,
..,com.Group11.soulfulplates.payload.request,CreateOrderRequest,getSelectedItems,3,1,0,37,0,,
..,com.Group11.soulfulplates.payload.request,CreateOrderRequest,setSelectedItems,3,1,1,41,0,,
..,com.Group11.soulfulplates.payload.request,CreatePaymentRequest,getUserId,3,1,0,16,0,,
..,com.Group11.soulfulplates.payload.request,CreatePaymentRequest,setUserId,3,1,1,20,0,,
..,com.Group11.soulfulplates.payload.request,CreatePaymentRequest,getStoreId,3,1,0,24,0,,
..,com.Group11.soulfulplates.payload.request,CreatePaymentRequest,setStoreId,3,1,1,28,0,,
..,com.Group11.soulfulplates.payload.request,CreatePaymentRequest,getAmount,3,1,0,32,0,,
..,com.Group11.soulfulplates.payload.request,CreatePaymentRequest,setAmount,3,1,1,36,0,,
..,com.Group11.soulfulplates.payload.request,CreatePaymentRequest,getOrderId,3,1,0,40,0,,
..,com.Group11.soulfulplates.payload.request,CreatePaymentRequest,setOrderId,3,1,1,44,0,,
..,com.Group11.soulfulplates.payload.request,CreatePaymentRequest,getCardNumber,3,1,0,48,0,,
..,com.Group11.soulfulplates.payload.request,CreatePaymentRequest,setCardNumber,3,1,1,52,0,,
..,com.Group11.soulfulplates.payload.request,CreatePaymentRequest,getCardExpiry,3,1,0,56,0,,
..,com.Group11.soulfulplates.payload.request,CreatePaymentRequest,setCardExpiry,3,1,1,60,0,,
..,com.Group11.soulfulplates.payload.request,CreatePaymentRequest,getCvv,3,1,0,64,0,,
..,com.Group11.soulfulplates.payload.request,CreatePaymentRequest,setCvv,3,1,1,68,0,,
..,com.Group11.soulfulplates.payload.request,CreateRatingRequest,CreateRatingRequest,2,1,0,12,0,,
..,com.Group11.soulfulplates.payload.request,CreateRatingRequest,getUserId,3,1,0,17,0,,
..,com.Group11.soulfulplates.payload.request,CreateRatingRequest,setUserId,3,1,1,21,0,,
..,com.Group11.soulfulplates.payload.request,CreateRatingRequest,getStoreId,3,1,0,25,0,,
..,com.Group11.soulfulplates.payload.request,CreateRatingRequest,setStoreId,3,1,1,29,0,,
..,com.Group11.soulfulplates.payload.request,CreateRatingRequest,getOrderId,3,1,0,33,0,,
..,com.Group11.soulfulplates.payload.request,CreateRatingRequest,setOrderId,3,1,1,37,0,,
..,com.Group11.soulfulplates.payload.request,CreateRatingRequest,getRating,3,1,0,41,0,,
..,com.Group11.soulfulplates.payload.request,CreateRatingRequest,setRating,3,1,1,45,0,,
..,com.Group11.soulfulplates.payload.request,CreateRatingRequest,getFeedback,3,1,0,49,0,,
..,com.Group11.soulfulplates.payload.request,CreateRatingRequest,setFeedback,3,1,1,53,0,,
..,com.Group11.soulfulplates.payload.request,GetOrderDetailsRequest,getUserId,3,1,0,7,0,,
..,com.Group11.soulfulplates.payload.request,GetOrderDetailsRequest,setUserId,3,1,1,11,0,,
..,com.Group11.soulfulplates.payload.request,GetOrderDetailsRequest,getOrderId,3,1,0,15,0,,
..,com.Group11.soulfulplates.payload.request,GetOrderDetailsRequest,setOrderId,3,1,1,19,0,,
..,com.Group11.soulfulplates.payload.request,GetOrdersRequest,getUserId,3,1,0,9,0,,
..,com.Group11.soulfulplates.payload.request,GetOrdersRequest,setUserId,3,1,1,13,0,,
..,com.Group11.soulfulplates.payload.request,GetOrdersRequest,getStatus,3,1,0,17,0,,
..,com.Group11.soulfulplates.payload.request,GetOrdersRequest,setStatus,3,1,1,21,0,,
..,com.Group11.soulfulplates.payload.request,GetOrdersRequest,getLimit,3,1,0,25,0,,
..,com.Group11.soulfulplates.payload.request,GetOrdersRequest,setLimit,3,1,1,29,0,,
..,com.Group11.soulfulplates.payload.request,GetOrdersRequest,getOffset,3,1,0,33,0,,
..,com.Group11.soulfulplates.payload.request,GetOrdersRequest,setOffset,3,1,1,37,0,,
..,com.Group11.soulfulplates.payload.request,GetStoreOrders,getStoreId,3,1,0,9,0,,
..,com.Group11.soulfulplates.payload.request,GetStoreOrders,setStoreId,3,1,1,13,0,,
..,com.Group11.soulfulplates.payload.request,GetStoreOrders,getStatus,3,1,0,17,0,,
..,com.Group11.soulfulplates.payload.request,GetStoreOrders,setStatus,3,1,1,21,0,,
..,com.Group11.soulfulplates.payload.request,GetStoreOrders,getLimit,3,1,0,25,0,,
..,com.Group11.soulfulplates.payload.request,GetStoreOrders,setLimit,3,1,1,29,0,,
..,com.Group11.soulfulplates.payload.request,GetStoreOrders,getOffset,3,1,0,33,0,,
..,com.Group11.soulfulplates.payload.request,GetStoreOrders,setOffset,3,1,1,37,0,,
..,com.Group11.soulfulplates.payload.request,PaymentFilterRequestBuyer,getUserId,3,1,0,9,0,,
..,com.Group11.soulfulplates.payload.request,PaymentFilterRequestBuyer,setUserId,3,1,1,10,0,,
..,com.Group11.soulfulplates.payload.request,PaymentFilterRequestBuyer,getLimit,3,1,0,12,0,,
..,com.Group11.soulfulplates.payload.request,PaymentFilterRequestBuyer,setLimit,3,1,1,13,0,,
..,com.Group11.soulfulplates.payload.request,PaymentFilterRequestBuyer,getOffset,3,1,0,15,0,,
..,com.Group11.soulfulplates.payload.request,PaymentFilterRequestBuyer,setOffset,3,1,1,16,0,,
..,com.Group11.soulfulplates.payload.request,PaymentFilterRequestBuyer,getStatus,3,1,0,18,0,,
..,com.Group11.soulfulplates.payload.request,PaymentFilterRequestBuyer,setStatus,3,1,1,19,0,,
..,com.Group11.soulfulplates.payload.request,SubcategoryRequest,getCategoryId,3,1,0,8,0,,
..,com.Group11.soulfulplates.payload.request,SubcategoryRequest,setCategoryId,3,1,1,12,0,,
..,com.Group11.soulfulplates.payload.request,SubcategoryRequest,getSubcategoryName,3,1,0,16,0,,
..,com.Group11.soulfulplates.payload.request,SubcategoryRequest,setSubcategoryName,3,1,1,20,0,,
..,com.Group11.soulfulplates.payload.request,SubcategoryRequest,getStoreId,3,1,0,24,0,,
..,com.Group11.soulfulplates.payload.request,SubcategoryRequest,setStoreId,3,1,1,28,0,,
..,com.Group11.soulfulplates.payload.request,UpdatePaymentStatusRequest,getPaymentId,3,1,0,10,0,,
..,com.Group11.soulfulplates.payload.request,UpdatePaymentStatusRequest,setPaymentId,3,1,1,14,0,,
..,com.Group11.soulfulplates.payload.request,UpdatePaymentStatusRequest,getTransactionId,3,1,0,18,0,,
..,com.Group11.soulfulplates.payload.request,UpdatePaymentStatusRequest,setTransactionId,3,1,1,22,0,,
..,com.Group11.soulfulplates.payload.request,UpdatePaymentStatusRequest,getStatus,3,1,0,26,0,,
..,com.Group11.soulfulplates.payload.request,UpdatePaymentStatusRequest,setStatus,3,1,1,30,0,,
..,com.Group11.soulfulplates.payload.request,UpdateTransactionStatusRequest,getTransactionId,3,1,0,9,0,,
..,com.Group11.soulfulplates.payload.request,UpdateTransactionStatusRequest,setTransactionId,3,1,1,13,0,,
..,com.Group11.soulfulplates.payload.request,UpdateTransactionStatusRequest,getStatus,3,1,0,17,0,,
..,com.Group11.soulfulplates.payload.request,UpdateTransactionStatusRequest,setStatus,3,1,1,21,0,,
..,com.Group11.soulfulplates.payload.request,WishlistRequest,WishlistRequest,2,1,0,16,0,,
..,com.Group11.soulfulplates.payload.request,WishlistRequest,WishlistRequest,5,1,3,19,0,,
..,com.Group11.soulfulplates.payload.response,CartItemDTO,getCartItemId,3,1,0,26,0,,
..,com.Group11.soulfulplates.payload.response,CartItemDTO,setCartItemId,3,1,1,30,0,,
..,com.Group11.soulfulplates.payload.response,CartItemDTO,getUserId,3,1,0,34,0,,
..,com.Group11.soulfulplates.payload.response,CartItemDTO,setUserId,3,1,1,38,0,,
..,com.Group11.soulfulplates.payload.response,CartItemDTO,getMenuId,3,1,0,42,0,,
..,com.Group11.soulfulplates.payload.response,CartItemDTO,setMenuId,3,1,1,46,0,,
..,com.Group11.soulfulplates.payload.response,CartItemDTO,getQuantity,3,1,0,50,0,,
..,com.Group11.soulfulplates.payload.response,CartItemDTO,setQuantity,3,1,1,54,0,,
..,com.Group11.soulfulplates.payload.response,CartItemDTO,getNotes,3,1,0,58,0,,
..,com.Group11.soulfulplates.payload.response,CartItemDTO,setNotes,3,1,1,62,0,,
..,com.Group11.soulfulplates.payload.response,CartItemDTO,getCreated,3,1,0,66,0,,
..,com.Group11.soulfulplates.payload.response,CartItemDTO,setCreated,3,1,1,70,0,,
..,com.Group11.soulfulplates.payload.response,CartItemDTO,getUpdated,3,1,0,74,0,,
..,com.Group11.soulfulplates.payload.response,CartItemDTO,setUpdated,3,1,1,78,0,,
..,com.Group11.soulfulplates.payload.response,CartItemDTO,getOrderId,3,1,0,82,0,,
..,com.Group11.soulfulplates.payload.response,CartItemDTO,setOrderId,3,1,1,86,0,,
..,com.Group11.soulfulplates.payload.response,CartItemDTO,getIsActive,3,1,0,90,0,,
..,com.Group11.soulfulplates.payload.response,CartItemDTO,setIsActive,3,1,1,94,0,,
..,com.Group11.soulfulplates.payload.response,CartItemDTO,getItemDescription,3,1,0,98,0,,
..,com.Group11.soulfulplates.payload.response,CartItemDTO,setItemDescription,3,1,1,102,0,,
..,com.Group11.soulfulplates.payload.response,CartItemDTO,getItemType,3,1,0,106,0,,
..,com.Group11.soulfulplates.payload.response,CartItemDTO,setItemType,3,1,1,110,0,,
..,com.Group11.soulfulplates.payload.response,CartItemDTO,getItemName,3,1,0,114,0,,
..,com.Group11.soulfulplates.payload.response,CartItemDTO,setItemName,3,1,1,118,0,,
..,com.Group11.soulfulplates.payload.response,CartItemDTO,getCategory,3,1,0,122,0,,
..,com.Group11.soulfulplates.payload.response,CartItemDTO,setCategory,3,1,1,126,0,,
..,com.Group11.soulfulplates.payload.response,CartItemDTO,getPrice,3,1,0,130,0,,
..,com.Group11.soulfulplates.payload.response,CartItemDTO,setPrice,3,1,1,134,0,,
..,com.Group11.soulfulplates.payload.response,CartItemDTO,getAvailability,3,1,0,138,0,,
..,com.Group11.soulfulplates.payload.response,CartItemDTO,setAvailability,3,1,1,142,0,,
..,com.Group11.soulfulplates.payload.response,CartItemDTO,toString,3,1,0,147,0,,
..,com.Group11.soulfulplates.payload.response,CartItemResponse,CartItemResponse,2,1,0,17,0,,
..,com.Group11.soulfulplates.payload.response,CartItemResponse,getCartItemId,3,1,0,21,0,,
..,com.Group11.soulfulplates.payload.response,CartItemResponse,setCartItemId,3,1,1,25,0,,
..,com.Group11.soulfulplates.payload.response,CartItemResponse,getCartId,3,1,0,29,0,,
..,com.Group11.soulfulplates.payload.response,CartItemResponse,setCartId,3,1,1,33,0,,
..,com.Group11.soulfulplates.payload.response,CartItemResponse,getMenuItemId,3,1,0,37,0,,
..,com.Group11.soulfulplates.payload.response,CartItemResponse,setMenuItemId,3,1,1,41,0,,
..,com.Group11.soulfulplates.payload.response,CartItemResponse,getQuantity,3,1,0,45,0,,
..,com.Group11.soulfulplates.payload.response,CartItemResponse,setQuantity,3,1,1,49,0,,
..,com.Group11.soulfulplates.payload.response,CartItemResponse,getAddedDate,3,1,0,53,0,,
..,com.Group11.soulfulplates.payload.response,CartItemResponse,setAddedDate,3,1,1,57,0,,
..,com.Group11.soulfulplates.payload.response,CartItemResponse,getNotes,3,1,0,61,0,,
..,com.Group11.soulfulplates.payload.response,CartItemResponse,setNotes,3,1,1,65,0,,
..,com.Group11.soulfulplates.payload.response,CartItemResponse,getOrderId,3,1,0,69,0,,
..,com.Group11.soulfulplates.payload.response,CartItemResponse,setOrderId,3,1,1,73,0,,
..,com.Group11.soulfulplates.payload.response,CartResponse,CartResponse,2,1,0,15,0,,
..,com.Group11.soulfulplates.payload.response,CartResponse,getCartId,3,1,0,19,0,,
..,com.Group11.soulfulplates.payload.response,CartResponse,setCartId,3,1,1,23,0,,
..,com.Group11.soulfulplates.payload.response,CartResponse,getUserId,3,1,0,27,0,,
..,com.Group11.soulfulplates.payload.response,CartResponse,setUserId,3,1,1,31,0,,
..,com.Group11.soulfulplates.payload.response,CartResponse,getServiceProviderId,3,1,0,35,0,,
..,com.Group11.soulfulplates.payload.response,CartResponse,setServiceProviderId,3,1,1,39,0,,
..,com.Group11.soulfulplates.payload.response,CartResponse,getLastUpdatedDate,3,1,0,43,0,,
..,com.Group11.soulfulplates.payload.response,CartResponse,setLastUpdatedDate,3,1,1,47,0,,
..,com.Group11.soulfulplates.payload.response,CartResponse,getCreatedDate,3,1,0,51,0,,
..,com.Group11.soulfulplates.payload.response,CartResponse,setCreatedDate,3,1,1,55,0,,
..,com.Group11.soulfulplates.payload.response,CreateOrderResponse,CreateOrderResponse,5,1,3,8,0,,
..,com.Group11.soulfulplates.payload.response,CreateOrderResponse,getCode,3,1,0,34,0,,
..,com.Group11.soulfulplates.payload.response,CreateOrderResponse,setCode,3,1,1,38,0,,
..,com.Group11.soulfulplates.payload.response,CreateOrderResponse,getDescription,3,1,0,42,0,,
..,com.Group11.soulfulplates.payload.response,CreateOrderResponse,setDescription,3,1,1,46,0,,
..,com.Group11.soulfulplates.payload.response,CreateOrderResponse,getData,3,1,0,50,0,,
..,com.Group11.soulfulplates.payload.response,CreateOrderResponse,setData,3,1,1,54,0,,
..,com.Group11.soulfulplates.payload.response,CreatePaymentResponse,CreatePaymentResponse,5,1,3,11,0,,
..,com.Group11.soulfulplates.payload.response,CreatePaymentResponse,getCode,3,1,0,18,0,,
..,com.Group11.soulfulplates.payload.response,CreatePaymentResponse,setCode,3,1,1,22,0,,
..,com.Group11.soulfulplates.payload.response,CreatePaymentResponse,getData,3,1,0,26,0,,
..,com.Group11.soulfulplates.payload.response,CreatePaymentResponse,setData,3,1,1,30,0,,
..,com.Group11.soulfulplates.payload.response,CreatePaymentResponse,getDescription,3,1,0,34,0,,
..,com.Group11.soulfulplates.payload.response,CreatePaymentResponse,setDescription,3,1,1,38,0,,
..,com.Group11.soulfulplates.payload.response,JwtResponse,JwtResponse,10,1,8,26,0,,
..,com.Group11.soulfulplates.payload.response,JwtResponse,JwtResponse,14,1,12,38,0,,
..,com.Group11.soulfulplates.payload.response,MessageResponse,MessageResponse,5,1,3,11,0,,
..,com.Group11.soulfulplates.payload.response,OrderDetailsResponse,OrderDetailsResponse,5,1,3,12,0,,
..,com.Group11.soulfulplates.payload.response,OrderDetailsResponse,getCode,3,1,0,19,0,,
..,com.Group11.soulfulplates.payload.response,OrderDetailsResponse,setCode,3,1,1,23,0,,
..,com.Group11.soulfulplates.payload.response,OrderDetailsResponse,getDescription,3,1,0,27,0,,
..,com.Group11.soulfulplates.payload.response,OrderDetailsResponse,setDescription,3,1,1,31,0,,
..,com.Group11.soulfulplates.payload.response,OrderDetailsResponse,getData,3,1,0,35,0,,
..,com.Group11.soulfulplates.payload.response,OrderDetailsResponse,setData,3,1,1,39,0,,
..,com.Group11.soulfulplates.payload.response,OrdersResponse,OrdersResponse,5,1,3,11,0,,
..,com.Group11.soulfulplates.payload.response,OrdersResponse,getCode,3,1,0,17,0,,
..,com.Group11.soulfulplates.payload.response,OrdersResponse,setCode,3,1,1,21,0,,
..,com.Group11.soulfulplates.payload.response,OrdersResponse,getDescription,3,1,0,25,0,,
..,com.Group11.soulfulplates.payload.response,OrdersResponse,setDescription,3,1,1,29,0,,
..,com.Group11.soulfulplates.payload.response,OrdersResponse,getData,3,1,0,33,0,,
..,com.Group11.soulfulplates.payload.response,OrdersResponse,setData,3,1,1,37,0,,
..,com.Group11.soulfulplates.payload.response,OtpResponse,OtpCode,5,1,0,10,0,,
..,com.Group11.soulfulplates.payload.response,PaymentFilterResponse,PaymentFilterResponse,15,1,13,26,0,,
..,com.Group11.soulfulplates.payload.response,SellerResponse,SellerResponse,5,1,3,9,0,,
..,com.Group11.soulfulplates.payload.response,SellerResponse,getCode,3,1,0,15,0,,
..,com.Group11.soulfulplates.payload.response,SellerResponse,setCode,3,1,1,19,0,,
..,com.Group11.soulfulplates.payload.response,SellerResponse,getData,3,1,0,23,0,,
..,com.Group11.soulfulplates.payload.response,SellerResponse,setData,3,1,1,27,0,,
..,com.Group11.soulfulplates.payload.response,SellerResponse,getDescription,3,1,0,31,0,,
..,com.Group11.soulfulplates.payload.response,SellerResponse,setDescription,3,1,1,35,0,,
..,com.Group11.soulfulplates.repository,AddressRepository,findByUser,0,1,1,14,0,,
..,com.Group11.soulfulplates.repository,AddressRepository,findAllStoresLatLon,0,1,0,16,0,,
..,com.Group11.soulfulplates.repository,CartItemRepository,findByOrderOrderId,0,1,1,11,0,,
..,com.Group11.soulfulplates.repository,CategoryRepository,findAllCategoriesWithSubcategoriesByStoreId,0,1,1,14,0,,
..,com.Group11.soulfulplates.repository,OrderRepository,findByOrderIdAndUserId,0,1,2,14,0,,
..,com.Group11.soulfulplates.repository,OrderRepository,findByUserIdAndStatusOrderByCreatedAtDesc,0,1,3,15,0,,
..,com.Group11.soulfulplates.repository,OrderRepository,findByStoreStoreIdAndStatusOrderByCreatedAtDesc,0,1,3,16,0,,
..,com.Group11.soulfulplates.repository,PaymentRepository,findByOrderOrderId,0,1,1,14,0,,
..,com.Group11.soulfulplates.repository,PaymentRepository,findFirstByOrderOrderIdOrderByPaymentIdDesc,0,1,1,15,0,,
..,com.Group11.soulfulplates.repository,PaymentRepository,findByTransactionUserIdAndStatusOrderByCreatedAtDesc,0,1,3,16,0,,
..,com.Group11.soulfulplates.repository,PaymentRepository,findByStoreStoreIdAndStatusOrderByCreatedAtDesc,0,1,3,17,0,,
..,com.Group11.soulfulplates.repository,RatingRepository,findByStoreStoreId,0,1,1,9,0,,
..,com.Group11.soulfulplates.repository,RatingRepository,findByRatingId,0,1,1,10,0,,
..,com.Group11.soulfulplates.repository,RoleRepository,findByName,0,1,1,13,0,,
..,com.Group11.soulfulplates.repository,StoreRepository,findByUser_Id,0,1,1,12,0,,
..,com.Group11.soulfulplates.repository,UserRepository,findByUsername,0,1,1,15,0,,
..,com.Group11.soulfulplates.repository,UserRepository,findByEmail,0,1,1,16,0,,
..,com.Group11.soulfulplates.repository,UserRepository,findById,0,1,1,17,0,,
..,com.Group11.soulfulplates.repository,UserRepository,existsByUsername,0,1,1,18,0,,
..,com.Group11.soulfulplates.repository,UserRepository,existsByEmail,0,1,1,20,0,,
..,com.Group11.soulfulplates.repository,UserRepository,existsById,0,1,1,22,0,,
..,com.Group11.soulfulplates.security.jwt,AuthEntryPointJwt,commence,11,1,3,27,0,,
..,com.Group11.soulfulplates.security.jwt,AuthTokenFilter,doFilterInternal,16,2,3,29,0,com.Group11.soulfulplates.security.services.UserDetailsServiceImpl,com.Group11.soulfulplates.security.services.UserDetailsServiceImpl; com.Group11.soulfulplates.security.jwt.JwtUtils; com.Group11.soulfulplates.security.jwt.AuthTokenFilter
..,com.Group11.soulfulplates.security.jwt,AuthTokenFilter,parseJwt,7,2,1,54,0,,
..,com.Group11.soulfulplates.security.jwt,JwtUtils,generateJwtToken,4,1,1,27,0,com.Group11.soulfulplates.security.services.UserDetailsImpl,com.Group11.soulfulplates.security.services.UserDetailsImpl; com.Group11.soulfulplates.security.jwt.JwtUtils
..,com.Group11.soulfulplates.security.jwt,JwtUtils,key,3,1,0,39,0,,
..,com.Group11.soulfulplates.security.jwt,JwtUtils,getUserNameFromJwtToken,3,1,1,43,0,com.Group11.soulfulplates.security.jwt.JwtUtils,com.Group11.soulfulplates.security.jwt.JwtUtils
..,com.Group11.soulfulplates.security.jwt,JwtUtils,validateJwtToken,19,1,1,48,0,com.Group11.soulfulplates.security.jwt.JwtUtils,com.Group11.soulfulplates.security.jwt.JwtUtils
..,com.Group11.soulfulplates.security.services,UserDetailsImpl,UserDetailsImpl,10,1,8,31,0,,
..,com.Group11.soulfulplates.security.services,UserDetailsImpl,build,4,1,1,43,0,,
..,com.Group11.soulfulplates.security.services,UserDetailsImpl,getAuthorities,3,1,0,58,0,,
..,com.Group11.soulfulplates.security.services,UserDetailsImpl,getPassword,3,1,0,63,0,,
..,com.Group11.soulfulplates.security.services,UserDetailsImpl,getUsername,3,1,0,69,0,,
..,com.Group11.soulfulplates.security.services,UserDetailsImpl,isAccountNonExpired,3,1,0,74,0,,
..,com.Group11.soulfulplates.security.services,UserDetailsImpl,isAccountNonLocked,3,1,0,79,0,,
..,com.Group11.soulfulplates.security.services,UserDetailsImpl,isCredentialsNonExpired,3,1,0,84,0,,
..,com.Group11.soulfulplates.security.services,UserDetailsImpl,isEnabled,3,1,0,89,0,,
..,com.Group11.soulfulplates.security.services,UserDetailsImpl,equals,6,3,1,94,0,,
..,com.Group11.soulfulplates.security.services,UserDetailsImpl,hashCode,3,1,0,104,0,,
..,com.Group11.soulfulplates.security.services,UserDetailsServiceImpl,UserDetailsServiceImpl,3,1,1,15,0,,
..,com.Group11.soulfulplates.security.services,UserDetailsServiceImpl,loadUserByUsername,4,1,1,19,0,com.Group11.soulfulplates.repository.UserRepository,com.Group11.soulfulplates.repository.UserRepository; com.Group11.soulfulplates.security.services.UserDetailsImpl
..,com.Group11.soulfulplates.security,WebSecurityConfig,authenticationJwtTokenFilter,3,1,0,30,0,,
..,com.Group11.soulfulplates.security,WebSecurityConfig,authenticationProvider,6,1,0,36,0,com.Group11.soulfulplates.security.WebSecurityConfig,com.Group11.soulfulplates.security.WebSecurityConfig
..,com.Group11.soulfulplates.security,WebSecurityConfig,authenticationManager,3,1,1,46,0,,
..,com.Group11.soulfulplates.security,WebSecurityConfig,passwordEncoder,3,1,0,51,0,,
..,com.Group11.soulfulplates.security,WebSecurityConfig,filterChain,6,1,1,56,0,com.Group11.soulfulplates.security.WebSecurityConfig,com.Group11.soulfulplates.security.WebSecurityConfig
..,com.Group11.soulfulplates.services,AddressService,createAddress,0,1,1,9,0,,
..,com.Group11.soulfulplates.services,AddressService,getAddressById,0,1,1,11,0,,
..,com.Group11.soulfulplates.services,AddressService,getAllAddresses,0,1,0,13,0,,
..,com.Group11.soulfulplates.services,AddressService,updateAddress,0,1,1,15,0,,
..,com.Group11.soulfulplates.services,AddressService,deleteAddress,0,1,1,17,0,,
..,com.Group11.soulfulplates.services,AddressService,getAllStoresLatLon,0,1,0,19,0,,
..,com.Group11.soulfulplates.services,MenuItemService,getAllItems,0,1,0,8,0,,
..,com.Group11.soulfulplates.services,MenuItemService,getItemById,0,1,1,9,0,,
..,com.Group11.soulfulplates.services,MenuItemService,createItem,0,1,1,10,0,,
..,com.Group11.soulfulplates.services,MenuItemService,updateItem,0,1,2,11,0,,
..,com.Group11.soulfulplates.services,MenuItemService,deleteItem,0,1,1,12,0,,
..,com.Group11.soulfulplates.services,OrderService,createOrder,0,1,1,10,0,,
..,com.Group11.soulfulplates.services,OrderService,updateOrderStatus,0,1,2,11,0,,
..,com.Group11.soulfulplates.services,OrderService,getOrderDetails,0,1,2,12,0,,
..,com.Group11.soulfulplates.services,OrderService,getOrdersForUser,0,1,4,13,0,,
..,com.Group11.soulfulplates.services,OrderService,getOrdersForStore,0,1,4,14,0,,
..,com.Group11.soulfulplates.services,PaymentService,createPaymentAndTransaction,0,1,1,10,0,,
..,com.Group11.soulfulplates.services,PaymentService,updatePaymentStatus,0,1,3,11,0,,
..,com.Group11.soulfulplates.services,PaymentService,filterPayments,0,1,4,12,0,,
..,com.Group11.soulfulplates.services,PaymentService,filterSellerPayments,0,1,4,13,0,,
..,com.Group11.soulfulplates.services,RatingService,addRatingAndLinkToOrder,0,1,1,8,0,,
..,com.Group11.soulfulplates.services,RatingService,getAverageRating,0,1,1,9,0,,
..,com.Group11.soulfulplates.services,StoreService,existsById,0,1,1,9,0,,
..,com.Group11.soulfulplates.services,StoreService,createStore,0,1,1,11,0,,
..,com.Group11.soulfulplates.services,StoreService,getStoreById,0,1,1,13,0,,
..,com.Group11.soulfulplates.services,StoreService,getAllStores,0,1,0,15,0,,
..,com.Group11.soulfulplates.services,StoreService,deleteStore,0,1,1,19,0,,
..,com.Group11.soulfulplates.services,StoreService,updateStoreByUserId,0,1,2,23,0,,
..,com.Group11.soulfulplates.services,TransactionService,createTransaction,0,1,1,8,0,,
..,com.Group11.soulfulplates.services,TransactionService,updateTransactionStatus,0,1,2,9,0,,
..,com.Group11.soulfulplates.services.impl,AddressServiceImpl,createAddress,3,1,1,19,0,,
..,com.Group11.soulfulplates.services.impl,AddressServiceImpl,getAddressById,3,1,1,24,0,,
..,com.Group11.soulfulplates.services.impl,AddressServiceImpl,getAllAddresses,3,1,0,29,0,,
..,com.Group11.soulfulplates.services.impl,AddressServiceImpl,updateAddress,3,1,1,34,0,,
..,com.Group11.soulfulplates.services.impl,AddressServiceImpl,deleteAddress,3,1,1,39,0,,
..,com.Group11.soulfulplates.services.impl,AddressServiceImpl,getAllStoresLatLon,3,1,0,44,0,com.Group11.soulfulplates.repository.AddressRepository,com.Group11.soulfulplates.repository.AddressRepository
..,com.Group11.soulfulplates.services.impl,CategoryService,createCategory,3,1,1,17,0,,
..,com.Group11.soulfulplates.services.impl,CategoryService,editCategory,3,1,1,21,0,,
..,com.Group11.soulfulplates.services.impl,CategoryService,deleteCategory,3,1,1,25,0,,
..,com.Group11.soulfulplates.services.impl,CategoryService,getCategoryById,3,1,1,29,0,,
..,com.Group11.soulfulplates.services.impl,CategoryService,getAllCategories,3,1,0,33,0,,
..,com.Group11.soulfulplates.services.impl,CategoryService,findAllCategoriesWithSubcategoriesByStoreId,3,1,1,37,0,com.Group11.soulfulplates.repository.CategoryRepository,com.Group11.soulfulplates.repository.CategoryRepository
..,com.Group11.soulfulplates.services.impl,MenuItemService,createMenuItem,3,1,1,33,0,,
..,com.Group11.soulfulplates.services.impl,MenuItemService,findMenuById,3,1,1,37,0,,
..,com.Group11.soulfulplates.services.impl,MenuItemService,editMenuItem,3,1,2,42,0,,
..,com.Group11.soulfulplates.services.impl,MenuItemService,deleteMenuItem,3,1,1,47,0,,
..,com.Group11.soulfulplates.services.impl,OrderServiceImpl,OrderServiceImpl,10,1,8,37,0,,
..,com.Group11.soulfulplates.services.impl,OrderServiceImpl,createOrder,26,3,1,50,0,com.Group11.soulfulplates.payload.request.CreateOrderRequest,com.Group11.soulfulplates.payload.request.CreateOrderRequest; com.Group11.soulfulplates.models.Order; com.Group11.soulfulplates.models.CartItem; com.Group11.soulfulplates.repository.UserRepository
..,com.Group11.soulfulplates.services.impl,OrderServiceImpl,updateOrderStatus,8,2,2,87,0,com.Group11.soulfulplates.models.Order,com.Group11.soulfulplates.models.Order
..,com.Group11.soulfulplates.services.impl,OrderServiceImpl,getOrderDetails,5,1,2,98,0,com.Group11.soulfulplates.services.impl.OrderServiceImpl,com.Group11.soulfulplates.services.impl.OrderServiceImpl; com.Group11.soulfulplates.repository.OrderRepository
..,com.Group11.soulfulplates.services.impl,OrderServiceImpl,mapOrderToOrderDetailsData,37,6,1,113,0,com.Group11.soulfulplates.models.Payment,com.Group11.soulfulplates.models.Payment; com.Group11.soulfulplates.models.Order; com.Group11.soulfulplates.repository.PaymentRepository; com.Group11.soulfulplates.utils.CartItemUtils; com.Group11.soulfulplates.models.Rating; com.Group11.soulfulplates.models.Store; com.Group11.soulfulplates.repository.CartItemRepository
..,com.Group11.soulfulplates.services.impl,OrderServiceImpl,mapMenuItemToDTO,25,3,1,162,0,com.Group11.soulfulplates.models.SubCategory,com.Group11.soulfulplates.models.SubCategory; com.Group11.soulfulplates.models.Category
..,com.Group11.soulfulplates.services.impl,OrderServiceImpl,getOrdersForUser,6,1,4,191,0,com.Group11.soulfulplates.repository.OrderRepository,com.Group11.soulfulplates.repository.OrderRepository
..,com.Group11.soulfulplates.services.impl,OrderServiceImpl,convertToOrderData,33,6,1,207,0,com.Group11.soulfulplates.models.Payment,com.Group11.soulfulplates.models.Payment; com.Group11.soulfulplates.models.Order; com.Group11.soulfulplates.repository.PaymentRepository; com.Group11.soulfulplates.utils.CartItemUtils; com.Group11.soulfulplates.models.Rating; com.Group11.soulfulplates.models.Store; com.Group11.soulfulplates.repository.CartItemRepository
..,com.Group11.soulfulplates.services.impl,OrderServiceImpl,convertToItemData,31,3,1,249,0,com.Group11.soulfulplates.models.SubCategory,com.Group11.soulfulplates.models.SubCategory; com.Group11.soulfulplates.models.Category
..,com.Group11.soulfulplates.services.impl,OrderServiceImpl,getOrdersForStore,6,1,4,283,0,com.Group11.soulfulplates.repository.OrderRepository,com.Group11.soulfulplates.repository.OrderRepository
..,com.Group11.soulfulplates.services.impl,PaymentServiceImpl,createPaymentAndTransaction,54,7,1,49,0,com.Group11.soulfulplates.payload.request.CreatePaymentRequest,com.Group11.soulfulplates.payload.request.CreatePaymentRequest; com.Group11.soulfulplates.models.Transaction; com.Group11.soulfulplates.utils.CartItemUtils; com.Group11.soulfulplates.models.Payment; com.Group11.soulfulplates.repository.UserRepository; com.Group11.soulfulplates.repository.CartItemRepository
..,com.Group11.soulfulplates.services.impl,PaymentServiceImpl,updatePaymentStatus,9,2,3,108,0,com.Group11.soulfulplates.models.Payment,com.Group11.soulfulplates.models.Payment; com.Group11.soulfulplates.models.Transaction
..,com.Group11.soulfulplates.services.impl,PaymentServiceImpl,filterPayments,10,1,4,123,0,com.Group11.soulfulplates.repository.PaymentRepository,com.Group11.soulfulplates.repository.PaymentRepository
..,com.Group11.soulfulplates.services.impl,PaymentServiceImpl,filterSellerPayments,9,1,4,153,0,com.Group11.soulfulplates.repository.PaymentRepository,com.Group11.soulfulplates.repository.PaymentRepository
..,com.Group11.soulfulplates.services.impl,RatingServiceImpl,addRatingAndLinkToOrder,35,6,1,29,0,com.Group11.soulfulplates.repository.RatingRepository,com.Group11.soulfulplates.repository.RatingRepository; com.Group11.soulfulplates.models.Rating; com.Group11.soulfulplates.payload.request.CreateRatingRequest; com.Group11.soulfulplates.models.Order
..,com.Group11.soulfulplates.services.impl,RatingServiceImpl,getAverageRating,11,3,1,68,0,com.Group11.soulfulplates.models.Rating,com.Group11.soulfulplates.models.Rating; com.Group11.soulfulplates.repository.RatingRepository
..,com.Group11.soulfulplates.services.impl,StoreServiceImpl,StoreServiceImpl,3,1,1,18,0,,
..,com.Group11.soulfulplates.services.impl,StoreServiceImpl,updateStoreByUserId,8,1,2,24,0,com.Group11.soulfulplates.models.Store,com.Group11.soulfulplates.models.Store; com.Group11.soulfulplates.repository.StoreRepository
..,com.Group11.soulfulplates.services.impl,StoreServiceImpl,createStore,3,1,1,39,0,,
..,com.Group11.soulfulplates.services.impl,StoreServiceImpl,getStoreById,3,1,1,44,0,,
..,com.Group11.soulfulplates.services.impl,StoreServiceImpl,getAllStores,3,1,0,49,0,,
..,com.Group11.soulfulplates.services.impl,StoreServiceImpl,deleteStore,3,1,1,55,0,,
..,com.Group11.soulfulplates.services.impl,StoreServiceImpl,existsById,3,1,1,60,0,,
..,com.Group11.soulfulplates.services.impl,SubcategoryService,createSubcategory,3,1,1,17,0,,
..,com.Group11.soulfulplates.services.impl,SubcategoryService,editSubcategory,3,1,1,21,0,,
..,com.Group11.soulfulplates.services.impl,SubcategoryService,deleteSubcategory,3,1,1,25,0,,
..,com.Group11.soulfulplates.services.impl,SubcategoryService,getSubcategoryById,3,1,1,29,0,,
..,com.Group11.soulfulplates.services.impl,SubcategoryService,getAllSubcategories,3,1,0,33,0,,
..,com.Group11.soulfulplates.services.impl,TransactionServiceImpl,createTransaction,11,1,1,23,0,com.Group11.soulfulplates.models.Transaction,com.Group11.soulfulplates.models.Transaction; com.Group11.soulfulplates.repository.UserRepository
..,com.Group11.soulfulplates.services.impl,TransactionServiceImpl,updateTransactionStatus,6,1,2,39,0,com.Group11.soulfulplates.models.Transaction,com.Group11.soulfulplates.models.Transaction
..,com.Group11.soulfulplates.services.impl,WishlistServiceImpl,getAllWishlists,3,1,0,23,0,,
..,com.Group11.soulfulplates.services.impl,WishlistServiceImpl,getWishlistById,3,1,1,27,0,,
..,com.Group11.soulfulplates.services.impl,WishlistServiceImpl,saveOrUpdateWishlist,12,2,1,31,0,com.Group11.soulfulplates.repository.UserRepository,com.Group11.soulfulplates.repository.UserRepository
..,com.Group11.soulfulplates.services.impl,WishlistServiceImpl,deleteWishlist,9,1,1,49,0,,
..,com.Group11.soulfulplates.services.impl,OrderServiceImplTest,setUp,3,1,0,38,0,,
..,com.Group11.soulfulplates.services.impl,OrderServiceImplTest,testCreateOrder_SuccessfullyCreated,32,1,0,43,1,com.Group11.soulfulplates.services.impl.OrderServiceImpl,com.Group11.soulfulplates.models.Store; com.Group11.soulfulplates.payload.request.CreateOrderRequest; com.Group11.soulfulplates.payload.response.CreateOrderResponse; com.Group11.soulfulplates.models.Order; com.Group11.soulfulplates.services.impl.OrderServiceImpl; com.Group11.soulfulplates.repository.UserRepository
..,com.Group11.soulfulplates.services.impl,OrderServiceImplTest,testUpdateOrderStatus_OrderNotFound_ReturnsNull,10,1,0,88,1,com.Group11.soulfulplates.services.impl.OrderServiceImpl,com.Group11.soulfulplates.services.impl.OrderServiceImpl
..,com.Group11.soulfulplates.services.impl,OrderServiceImplTest,testUpdateOrderStatus_OrderFound_SuccessfullyUpdated,16,1,0,106,1,com.Group11.soulfulplates.services.impl.OrderServiceImpl,com.Group11.soulfulplates.models.Order; com.Group11.soulfulplates.services.impl.OrderServiceImpl
..,com.Group11.soulfulplates.utils,CartItemUtils,extractItemIds,3,1,1,11,0,,
..,com.Group11.soulfulplates.utils,CartItemUtils,getTotalForOrderId,3,1,1,17,0,com.Group11.soulfulplates.models.CartItem,com.Group11.soulfulplates.models.CartItem
