Project Name,Package Name,Type Name,NOF,NOPF,NOM,NOPM,LOC,WMC,NC,DIT,LCOM,FANIN,FANOUT,File path,Line no
..,com.Group11.soulfulplates.controllers,AuthController,6,0,4,4,0,13,0,0,0.5,1,15,C:\Users\Divyansh\Desktop\Family\Chinmaya\Dalhousie Courses\CSCI 5308\project\Group11\Backend-Spring-Boot\designite\..\src\main\java\com\Group11\soulfulplates\controllers\AuthController.java,34
..,com.Group11.soulfulplates.controllers,CategoryController,2,0,7,7,39,7,0,0,0.0,1,7,C:\Users\Divyansh\Desktop\Family\Chinmaya\Dalhousie Courses\CSCI 5308\project\Group11\Backend-Spring-Boot\designite\..\src\main\java\com\Group11\soulfulplates\controllers\CategoryController.java,15
..,com.Group11.soulfulplates.controllers,MenuItemController,1,0,4,3,38,5,0,0,0.0,1,4,C:\Users\Divyansh\Desktop\Family\Chinmaya\Dalhousie Courses\CSCI 5308\project\Group11\Backend-Spring-Boot\designite\..\src\main\java\com\Group11\soulfulplates\controllers\MenuItemController.java,11
..,com.Group11.soulfulplates.controllers,OrderController,3,0,5,5,59,6,0,0,0.0,1,9,C:\Users\Divyansh\Desktop\Family\Chinmaya\Dalhousie Courses\CSCI 5308\project\Group11\Backend-Spring-Boot\designite\..\src\main\java\com\Group11\soulfulplates\controllers\OrderController.java,19
..,com.Group11.soulfulplates.controllers,OrderController.UpdateOrderStatusRequest,2,0,0,0,16,0,0,0,-1.0,0,0,C:\Users\Divyansh\Desktop\Family\Chinmaya\Dalhousie Courses\CSCI 5308\project\Group11\Backend-Spring-Boot\designite\..\src\main\java\com\Group11\soulfulplates\controllers\OrderController.java,43
..,com.Group11.soulfulplates.controllers,PaymentController,1,0,4,4,41,4,0,0,0.0,1,5,C:\Users\Divyansh\Desktop\Family\Chinmaya\Dalhousie Courses\CSCI 5308\project\Group11\Backend-Spring-Boot\designite\..\src\main\java\com\Group11\soulfulplates\controllers\PaymentController.java,19
..,com.Group11.soulfulplates.controllers,RatingController,1,0,2,2,21,2,0,0,0.0,1,2,C:\Users\Divyansh\Desktop\Family\Chinmaya\Dalhousie Courses\CSCI 5308\project\Group11\Backend-Spring-Boot\designite\..\src\main\java\com\Group11\soulfulplates\controllers\RatingController.java,12
..,com.Group11.soulfulplates.controllers,StoreController,4,0,6,6,66,10,0,0,0.3333333333333333,1,4,C:\Users\Divyansh\Desktop\Family\Chinmaya\Dalhousie Courses\CSCI 5308\project\Group11\Backend-Spring-Boot\designite\..\src\main\java\com\Group11\soulfulplates\controllers\StoreController.java,27
..,com.Group11.soulfulplates.controllers,TransactionController,1,0,2,1,18,3,0,0,0.0,1,2,C:\Users\Divyansh\Desktop\Family\Chinmaya\Dalhousie Courses\CSCI 5308\project\Group11\Backend-Spring-Boot\designite\..\src\main\java\com\Group11\soulfulplates\controllers\TransactionController.java,14
..,com.Group11.soulfulplates.controllers,UserController,4,0,8,7,113,15,0,0,0.0,1,5,C:\Users\Divyansh\Desktop\Family\Chinmaya\Dalhousie Courses\CSCI 5308\project\Group11\Backend-Spring-Boot\designite\..\src\main\java\com\Group11\soulfulplates\controllers\UserController.java,29
..,com.Group11.soulfulplates.controllers,WishlistController,1,0,4,4,29,6,0,0,0.0,1,3,C:\Users\Divyansh\Desktop\Family\Chinmaya\Dalhousie Courses\CSCI 5308\project\Group11\Backend-Spring-Boot\designite\..\src\main\java\com\Group11\soulfulplates\controllers\WishlistController.java,15
..,com.Group11.soulfulplates.controllers,AuthControllerTest,8,0,13,0,122,13,0,0,0.15384615384615385,0,13,C:\Users\Divyansh\Desktop\Family\Chinmaya\Dalhousie Courses\CSCI 5308\project\Group11\Backend-Spring-Boot\designite\..\src\test\java\com\Group11\soulfulplates\controllers\AuthControllerTest.java,40
..,com.Group11.soulfulplates.controllers,CategoryControllerTest,3,0,6,0,65,6,0,0,0.3333333333333333,0,8,C:\Users\Divyansh\Desktop\Family\Chinmaya\Dalhousie Courses\CSCI 5308\project\Group11\Backend-Spring-Boot\designite\..\src\test\java\com\Group11\soulfulplates\controllers\CategoryControllerTest.java,23
..,com.Group11.soulfulplates.controllers,MenuItemControllerTest,4,0,7,0,73,7,0,0,0.0,0,5,C:\Users\Divyansh\Desktop\Family\Chinmaya\Dalhousie Courses\CSCI 5308\project\Group11\Backend-Spring-Boot\designite\..\src\test\java\com\Group11\soulfulplates\controllers\MenuItemControllerTest.java,17
..,com.Group11.soulfulplates.controllers,OrderControllerTest,2,0,6,0,57,6,0,0,0.3333333333333333,0,10,C:\Users\Divyansh\Desktop\Family\Chinmaya\Dalhousie Courses\CSCI 5308\project\Group11\Backend-Spring-Boot\designite\..\src\test\java\com\Group11\soulfulplates\controllers\OrderControllerTest.java,26
..,com.Group11.soulfulplates.controllers,PaymentControllerTest,2,0,6,0,48,6,0,0,0.3333333333333333,0,5,C:\Users\Divyansh\Desktop\Family\Chinmaya\Dalhousie Courses\CSCI 5308\project\Group11\Backend-Spring-Boot\designite\..\src\test\java\com\Group11\soulfulplates\controllers\PaymentControllerTest.java,25
..,com.Group11.soulfulplates.controllers,RatingControllerTest,2,0,4,0,37,4,0,0,0.5,0,3,C:\Users\Divyansh\Desktop\Family\Chinmaya\Dalhousie Courses\CSCI 5308\project\Group11\Backend-Spring-Boot\designite\..\src\test\java\com\Group11\soulfulplates\controllers\RatingControllerTest.java,18
..,com.Group11.soulfulplates.controllers,StoreControllerTest,2,0,6,1,41,6,0,0,0.0,0,3,C:\Users\Divyansh\Desktop\Family\Chinmaya\Dalhousie Courses\CSCI 5308\project\Group11\Backend-Spring-Boot\designite\..\src\test\java\com\Group11\soulfulplates\controllers\StoreControllerTest.java,22
..,com.Group11.soulfulplates.controllers,TransactionControllerTest,2,0,5,5,43,5,0,0,0.0,0,3,C:\Users\Divyansh\Desktop\Family\Chinmaya\Dalhousie Courses\CSCI 5308\project\Group11\Backend-Spring-Boot\designite\..\src\test\java\com\Group11\soulfulplates\controllers\TransactionControllerTest.java,20
..,com.Group11.soulfulplates.controllers,UserControllerTest,5,0,8,0,164,8,0,0,0.25,0,7,C:\Users\Divyansh\Desktop\Family\Chinmaya\Dalhousie Courses\CSCI 5308\project\Group11\Backend-Spring-Boot\designite\..\src\test\java\com\Group11\soulfulplates\controllers\UserControllerTest.java,28
..,com.Group11.soulfulplates.controllers,WishlistControllerTest,2,0,6,0,57,6,0,0,0.3333333333333333,0,4,C:\Users\Divyansh\Desktop\Family\Chinmaya\Dalhousie Courses\CSCI 5308\project\Group11\Backend-Spring-Boot\designite\..\src\test\java\com\Group11\soulfulplates\controllers\WishlistControllerTest.java,22
..,com.Group11.soulfulplates.exception,GlobalExceptionHandler,0,0,4,4,30,4,0,0,-1.0,1,0,C:\Users\Divyansh\Desktop\Family\Chinmaya\Dalhousie Courses\CSCI 5308\project\Group11\Backend-Spring-Boot\designite\..\src\main\java\com\Group11\soulfulplates\exception\GlobalExceptionHandler.java,15
..,com.Group11.soulfulplates.exception,GlobalExceptionHandlerTest,1,0,5,0,44,5,0,0,0.4,0,1,C:\Users\Divyansh\Desktop\Family\Chinmaya\Dalhousie Courses\CSCI 5308\project\Group11\Backend-Spring-Boot\designite\..\src\test\java\com\Group11\soulfulplates\exception\GlobalExceptionHandlerTest.java,18
..,com.Group11.soulfulplates,Group11SoulfulPlates,1,0,4,3,20,5,0,0,0.5,0,0,C:\Users\Divyansh\Desktop\Family\Chinmaya\Dalhousie Courses\CSCI 5308\project\Group11\Backend-Spring-Boot\designite\..\src\main\java\com\Group11\soulfulplates\Group11SoulfulPlates.java,9
..,com.Group11.soulfulplates,Group11SoulfulPlates,0,0,1,1,4,1,0,0,-1.0,0,0,C:\Users\Divyansh\Desktop\Family\Chinmaya\Dalhousie Courses\CSCI 5308\project\Group11\Backend-Spring-Boot\designite\..\src\test\java\com\Group11\soulfulplates\Group11SoulfulPlates.java,6
..,com.Group11.soulfulplates.models,Address,10,0,0,0,12,0,0,0,-1.0,5,1,C:\Users\Divyansh\Desktop\Family\Chinmaya\Dalhousie Courses\CSCI 5308\project\Group11\Backend-Spring-Boot\designite\..\src\main\java\com\Group11\soulfulplates\models\Address.java,7
..,com.Group11.soulfulplates.models,CartItem,6,0,13,13,47,13,0,0,0.15384615384615385,3,1,C:\Users\Divyansh\Desktop\Family\Chinmaya\Dalhousie Courses\CSCI 5308\project\Group11\Backend-Spring-Boot\designite\..\src\main\java\com\Group11\soulfulplates\models\CartItem.java,10
..,com.Group11.soulfulplates.models,Category,4,0,10,10,36,10,0,0,0.4,7,0,C:\Users\Divyansh\Desktop\Family\Chinmaya\Dalhousie Courses\CSCI 5308\project\Group11\Backend-Spring-Boot\designite\..\src\main\java\com\Group11\soulfulplates\models\Category.java,5
..,com.Group11.soulfulplates.models,Delivery,1,0,0,0,3,0,0,0,-1.0,0,0,C:\Users\Divyansh\Desktop\Family\Chinmaya\Dalhousie Courses\CSCI 5308\project\Group11\Backend-Spring-Boot\designite\..\src\main\java\com\Group11\soulfulplates\models\Delivery.java,6
..,com.Group11.soulfulplates.models,DeliveryPerson,5,0,0,0,7,0,0,0,-1.0,0,1,C:\Users\Divyansh\Desktop\Family\Chinmaya\Dalhousie Courses\CSCI 5308\project\Group11\Backend-Spring-Boot\designite\..\src\main\java\com\Group11\soulfulplates\models\DeliveryPerson.java,5
..,com.Group11.soulfulplates.models,EDelivery,0,0,0,0,1,0,0,0,-1.0,0,0,C:\Users\Divyansh\Desktop\Family\Chinmaya\Dalhousie Courses\CSCI 5308\project\Group11\Backend-Spring-Boot\designite\..\src\main\java\com\Group11\soulfulplates\models\EDelivery.java,3
..,com.Group11.soulfulplates.models,EDeliveryPerson,0,0,0,0,1,0,0,0,-1.0,1,0,C:\Users\Divyansh\Desktop\Family\Chinmaya\Dalhousie Courses\CSCI 5308\project\Group11\Backend-Spring-Boot\designite\..\src\main\java\com\Group11\soulfulplates\models\EDeliveryPerson.java,3
..,com.Group11.soulfulplates.models,EOrder,0,0,0,0,1,0,0,0,-1.0,0,0,C:\Users\Divyansh\Desktop\Family\Chinmaya\Dalhousie Courses\CSCI 5308\project\Group11\Backend-Spring-Boot\designite\..\src\main\java\com\Group11\soulfulplates\models\EOrder.java,3
..,com.Group11.soulfulplates.models,EPayment,0,0,0,0,1,0,0,0,-1.0,0,0,C:\Users\Divyansh\Desktop\Family\Chinmaya\Dalhousie Courses\CSCI 5308\project\Group11\Backend-Spring-Boot\designite\..\src\main\java\com\Group11\soulfulplates\models\EPayment.java,3
..,com.Group11.soulfulplates.models,ERefund,0,0,0,0,1,0,0,0,-1.0,1,0,C:\Users\Divyansh\Desktop\Family\Chinmaya\Dalhousie Courses\CSCI 5308\project\Group11\Backend-Spring-Boot\designite\..\src\main\java\com\Group11\soulfulplates\models\ERefund.java,3
..,com.Group11.soulfulplates.models,ERole,0,0,0,0,1,0,0,0,-1.0,4,0,C:\Users\Divyansh\Desktop\Family\Chinmaya\Dalhousie Courses\CSCI 5308\project\Group11\Backend-Spring-Boot\designite\..\src\main\java\com\Group11\soulfulplates\models\ERole.java,3
..,com.Group11.soulfulplates.models,ESubscriptionOption,0,0,0,0,1,0,0,0,-1.0,1,0,C:\Users\Divyansh\Desktop\Family\Chinmaya\Dalhousie Courses\CSCI 5308\project\Group11\Backend-Spring-Boot\designite\..\src\main\java\com\Group11\soulfulplates\models\ESubscriptionOption.java,3
..,com.Group11.soulfulplates.models,ESubscriptionOrder,0,0,0,0,1,0,0,0,-1.0,1,0,C:\Users\Divyansh\Desktop\Family\Chinmaya\Dalhousie Courses\CSCI 5308\project\Group11\Backend-Spring-Boot\designite\..\src\main\java\com\Group11\soulfulplates\models\ESubscriptionOrder.java,3
..,com.Group11.soulfulplates.models,EUserFoodPreference,0,0,0,0,1,0,0,0,-1.0,1,0,C:\Users\Divyansh\Desktop\Family\Chinmaya\Dalhousie Courses\CSCI 5308\project\Group11\Backend-Spring-Boot\designite\..\src\main\java\com\Group11\soulfulplates\models\EUserFoodPreference.java,3
..,com.Group11.soulfulplates.models,MenuItem,13,0,0,0,15,0,0,0,-1.0,9,0,C:\Users\Divyansh\Desktop\Family\Chinmaya\Dalhousie Courses\CSCI 5308\project\Group11\Backend-Spring-Boot\designite\..\src\main\java\com\Group11\soulfulplates\models\MenuItem.java,6
..,com.Group11.soulfulplates.models,Order,10,0,19,19,69,19,0,0,0.10526315789473684,9,3,C:\Users\Divyansh\Desktop\Family\Chinmaya\Dalhousie Courses\CSCI 5308\project\Group11\Backend-Spring-Boot\designite\..\src\main\java\com\Group11\soulfulplates\models\Order.java,13
..,com.Group11.soulfulplates.models,Payment,8,0,17,17,61,17,0,0,0.0,2,3,C:\Users\Divyansh\Desktop\Family\Chinmaya\Dalhousie Courses\CSCI 5308\project\Group11\Backend-Spring-Boot\designite\..\src\main\java\com\Group11\soulfulplates\models\Payment.java,16
..,com.Group11.soulfulplates.models,Rating,7,0,14,14,50,14,0,0,0.14285714285714285,4,2,C:\Users\Divyansh\Desktop\Family\Chinmaya\Dalhousie Courses\CSCI 5308\project\Group11\Backend-Spring-Boot\designite\..\src\main\java\com\Group11\soulfulplates\models\Rating.java,9
..,com.Group11.soulfulplates.models,Refund,6,0,0,0,8,0,0,0,-1.0,0,2,C:\Users\Divyansh\Desktop\Family\Chinmaya\Dalhousie Courses\CSCI 5308\project\Group11\Backend-Spring-Boot\designite\..\src\main\java\com\Group11\soulfulplates\models\Refund.java,7
..,com.Group11.soulfulplates.models,Review,6,0,0,0,8,0,0,0,-1.0,0,2,C:\Users\Divyansh\Desktop\Family\Chinmaya\Dalhousie Courses\CSCI 5308\project\Group11\Backend-Spring-Boot\designite\..\src\main\java\com\Group11\soulfulplates\models\Review.java,7
..,com.Group11.soulfulplates.models,Role,2,0,2,2,9,2,0,0,1.0,1,1,C:\Users\Divyansh\Desktop\Family\Chinmaya\Dalhousie Courses\CSCI 5308\project\Group11\Backend-Spring-Boot\designite\..\src\main\java\com\Group11\soulfulplates\models\Role.java,6
..,com.Group11.soulfulplates.models,Store,9,0,13,13,50,13,0,0,0.15384615384615385,12,1,C:\Users\Divyansh\Desktop\Family\Chinmaya\Dalhousie Courses\CSCI 5308\project\Group11\Backend-Spring-Boot\designite\..\src\main\java\com\Group11\soulfulplates\models\Store.java,9
..,com.Group11.soulfulplates.models,SubCategory,4,0,10,10,37,10,0,0,0.3,6,1,C:\Users\Divyansh\Desktop\Family\Chinmaya\Dalhousie Courses\CSCI 5308\project\Group11\Backend-Spring-Boot\designite\..\src\main\java\com\Group11\soulfulplates\models\SubCategory.java,4
..,com.Group11.soulfulplates.models,SubscriptionOption,6,0,0,0,8,0,0,0,-1.0,1,2,C:\Users\Divyansh\Desktop\Family\Chinmaya\Dalhousie Courses\CSCI 5308\project\Group11\Backend-Spring-Boot\designite\..\src\main\java\com\Group11\soulfulplates\models\SubscriptionOption.java,5
..,com.Group11.soulfulplates.models,SubscriptionOrder,6,0,0,0,8,0,0,0,-1.0,0,3,C:\Users\Divyansh\Desktop\Family\Chinmaya\Dalhousie Courses\CSCI 5308\project\Group11\Backend-Spring-Boot\designite\..\src\main\java\com\Group11\soulfulplates\models\SubscriptionOrder.java,6
..,com.Group11.soulfulplates.models,SubscriptionOrderStatus,0,0,0,0,1,0,0,0,-1.0,0,0,C:\Users\Divyansh\Desktop\Family\Chinmaya\Dalhousie Courses\CSCI 5308\project\Group11\Backend-Spring-Boot\designite\..\src\main\java\com\Group11\soulfulplates\models\SubscriptionOrderStatus.java,3
..,com.Group11.soulfulplates.models,Transaction,9,0,17,17,62,17,0,0,0.0,5,1,C:\Users\Divyansh\Desktop\Family\Chinmaya\Dalhousie Courses\CSCI 5308\project\Group11\Backend-Spring-Boot\designite\..\src\main\java\com\Group11\soulfulplates\models\Transaction.java,10
..,com.Group11.soulfulplates.models,User,13,0,2,2,24,2,0,0,1.0,17,1,C:\Users\Divyansh\Desktop\Family\Chinmaya\Dalhousie Courses\CSCI 5308\project\Group11\Backend-Spring-Boot\designite\..\src\main\java\com\Group11\soulfulplates\models\User.java,12
..,com.Group11.soulfulplates.models,UserFoodPreference,4,0,0,0,6,0,0,0,-1.0,0,2,C:\Users\Divyansh\Desktop\Family\Chinmaya\Dalhousie Courses\CSCI 5308\project\Group11\Backend-Spring-Boot\designite\..\src\main\java\com\Group11\soulfulplates\models\UserFoodPreference.java,5
..,com.Group11.soulfulplates.models,Wishlist,4,0,0,0,6,0,0,0,-1.0,5,1,C:\Users\Divyansh\Desktop\Family\Chinmaya\Dalhousie Courses\CSCI 5308\project\Group11\Backend-Spring-Boot\designite\..\src\main\java\com\Group11\soulfulplates\models\Wishlist.java,9
..,com.Group11.soulfulplates.models,WishlistItem,4,0,9,9,32,9,0,0,0.5555555555555556,0,2,C:\Users\Divyansh\Desktop\Family\Chinmaya\Dalhousie Courses\CSCI 5308\project\Group11\Backend-Spring-Boot\designite\..\src\main\java\com\Group11\soulfulplates\models\WishlistItem.java,6
..,com.Group11.soulfulplates.payload.request,CartItemDto,3,0,8,8,30,8,0,0,0.25,0,0,C:\Users\Divyansh\Desktop\Family\Chinmaya\Dalhousie Courses\CSCI 5308\project\Group11\Backend-Spring-Boot\designite\..\src\main\java\com\Group11\soulfulplates\payload\request\CartItemDto.java,3
..,com.Group11.soulfulplates.payload.request,CategoryRequest,2,0,4,4,16,4,0,0,0.5,2,0,C:\Users\Divyansh\Desktop\Family\Chinmaya\Dalhousie Courses\CSCI 5308\project\Group11\Backend-Spring-Boot\designite\..\src\main\java\com\Group11\soulfulplates\payload\request\CategoryRequest.java,2
..,com.Group11.soulfulplates.payload.request,CreateCartItemRequest,4,0,10,10,38,10,0,0,0.2,0,0,C:\Users\Divyansh\Desktop\Family\Chinmaya\Dalhousie Courses\CSCI 5308\project\Group11\Backend-Spring-Boot\designite\..\src\main\java\com\Group11\soulfulplates\payload\request\CreateCartItemRequest.java,3
..,com.Group11.soulfulplates.payload.request,CreateCartRequest,2,0,6,6,22,6,0,0,0.3333333333333333,0,0,C:\Users\Divyansh\Desktop\Family\Chinmaya\Dalhousie Courses\CSCI 5308\project\Group11\Backend-Spring-Boot\designite\..\src\main\java\com\Group11\soulfulplates\payload\request\CreateCartRequest.java,3
..,com.Group11.soulfulplates.payload.request,CreateOrderRequest,8,0,8,8,60,8,0,0,0.5,5,0,C:\Users\Divyansh\Desktop\Family\Chinmaya\Dalhousie Courses\CSCI 5308\project\Group11\Backend-Spring-Boot\designite\..\src\main\java\com\Group11\soulfulplates\payload\request\CreateOrderRequest.java,5
..,com.Group11.soulfulplates.payload.request,CreateOrderRequest.SelectedItem,4,0,0,0,30,0,0,0,-1.0,0,0,C:\Users\Divyansh\Desktop\Family\Chinmaya\Dalhousie Courses\CSCI 5308\project\Group11\Backend-Spring-Boot\designite\..\src\main\java\com\Group11\soulfulplates\payload\request\CreateOrderRequest.java,45
..,com.Group11.soulfulplates.payload.request,CreatePaymentRequest,7,0,14,14,51,14,0,0,0.5,5,0,C:\Users\Divyansh\Desktop\Family\Chinmaya\Dalhousie Courses\CSCI 5308\project\Group11\Backend-Spring-Boot\designite\..\src\main\java\com\Group11\soulfulplates\payload\request\CreatePaymentRequest.java,5
..,com.Group11.soulfulplates.payload.request,CreateRatingRequest,5,0,11,11,39,11,0,0,0.5454545454545454,5,0,C:\Users\Divyansh\Desktop\Family\Chinmaya\Dalhousie Courses\CSCI 5308\project\Group11\Backend-Spring-Boot\designite\..\src\main\java\com\Group11\soulfulplates\payload\request\CreateRatingRequest.java,3
..,com.Group11.soulfulplates.payload.request,ForgetPasswordRequest,1,0,0,0,3,0,0,0,-1.0,2,0,C:\Users\Divyansh\Desktop\Family\Chinmaya\Dalhousie Courses\CSCI 5308\project\Group11\Backend-Spring-Boot\designite\..\src\main\java\com\Group11\soulfulplates\payload\request\ForgetPasswordRequest.java,6
..,com.Group11.soulfulplates.payload.request,GetOrderDetailsRequest,2,0,4,4,16,4,0,0,0.5,2,0,C:\Users\Divyansh\Desktop\Family\Chinmaya\Dalhousie Courses\CSCI 5308\project\Group11\Backend-Spring-Boot\designite\..\src\main\java\com\Group11\soulfulplates\payload\request\GetOrderDetailsRequest.java,3
..,com.Group11.soulfulplates.payload.request,GetOrdersRequest,4,0,8,8,30,8,0,0,0.5,2,0,C:\Users\Divyansh\Desktop\Family\Chinmaya\Dalhousie Courses\CSCI 5308\project\Group11\Backend-Spring-Boot\designite\..\src\main\java\com\Group11\soulfulplates\payload\request\GetOrdersRequest.java,3
..,com.Group11.soulfulplates.payload.request,GetStoreOrders,4,0,8,8,30,8,0,0,0.5,2,0,C:\Users\Divyansh\Desktop\Family\Chinmaya\Dalhousie Courses\CSCI 5308\project\Group11\Backend-Spring-Boot\designite\..\src\main\java\com\Group11\soulfulplates\payload\request\GetStoreOrders.java,3
..,com.Group11.soulfulplates.payload.request,LoginRequest,2,0,0,0,4,0,0,0,-1.0,2,0,C:\Users\Divyansh\Desktop\Family\Chinmaya\Dalhousie Courses\CSCI 5308\project\Group11\Backend-Spring-Boot\designite\..\src\main\java\com\Group11\soulfulplates\payload\request\LoginRequest.java,6
..,com.Group11.soulfulplates.payload.request,MenuItemRequest,14,0,0,0,16,0,0,0,-1.0,2,0,C:\Users\Divyansh\Desktop\Family\Chinmaya\Dalhousie Courses\CSCI 5308\project\Group11\Backend-Spring-Boot\designite\..\src\main\java\com\Group11\soulfulplates\payload\request\MenuItemRequest.java,9
..,com.Group11.soulfulplates.payload.request,PaymentFilterRequestBuyer,4,0,8,8,30,8,0,0,0.5,1,0,C:\Users\Divyansh\Desktop\Family\Chinmaya\Dalhousie Courses\CSCI 5308\project\Group11\Backend-Spring-Boot\designite\..\src\main\java\com\Group11\soulfulplates\payload\request\PaymentFilterRequestBuyer.java,3
..,com.Group11.soulfulplates.payload.request,PaymentFilterRequestSeller,4,0,0,0,6,0,0,0,-1.0,2,0,C:\Users\Divyansh\Desktop\Family\Chinmaya\Dalhousie Courses\CSCI 5308\project\Group11\Backend-Spring-Boot\designite\..\src\main\java\com\Group11\soulfulplates\payload\request\PaymentFilterRequestSeller.java,5
..,com.Group11.soulfulplates.payload.request,ResetPasswordRequest,3,0,0,0,5,0,0,0,-1.0,2,0,C:\Users\Divyansh\Desktop\Family\Chinmaya\Dalhousie Courses\CSCI 5308\project\Group11\Backend-Spring-Boot\designite\..\src\main\java\com\Group11\soulfulplates\payload\request\ResetPasswordRequest.java,5
..,com.Group11.soulfulplates.payload.request,SignupRequest,6,0,0,0,8,0,0,0,-1.0,2,0,C:\Users\Divyansh\Desktop\Family\Chinmaya\Dalhousie Courses\CSCI 5308\project\Group11\Backend-Spring-Boot\designite\..\src\main\java\com\Group11\soulfulplates\payload\request\SignupRequest.java,8
..,com.Group11.soulfulplates.payload.request,SubcategoryRequest,3,0,6,6,23,6,0,0,0.5,2,0,C:\Users\Divyansh\Desktop\Family\Chinmaya\Dalhousie Courses\CSCI 5308\project\Group11\Backend-Spring-Boot\designite\..\src\main\java\com\Group11\soulfulplates\payload\request\SubcategoryRequest.java,3
..,com.Group11.soulfulplates.payload.request,UpdatePaymentStatusRequest,3,0,6,6,23,6,0,0,0.5,2,0,C:\Users\Divyansh\Desktop\Family\Chinmaya\Dalhousie Courses\CSCI 5308\project\Group11\Backend-Spring-Boot\designite\..\src\main\java\com\Group11\soulfulplates\payload\request\UpdatePaymentStatusRequest.java,3
..,com.Group11.soulfulplates.payload.request,UpdateTransactionStatusRequest,2,0,4,4,16,4,0,0,0.5,2,0,C:\Users\Divyansh\Desktop\Family\Chinmaya\Dalhousie Courses\CSCI 5308\project\Group11\Backend-Spring-Boot\designite\..\src\main\java\com\Group11\soulfulplates\payload\request\UpdateTransactionStatusRequest.java,3
..,com.Group11.soulfulplates.payload.request,WishlistRequest,3,0,2,2,12,2,0,0,1.0,4,0,C:\Users\Divyansh\Desktop\Family\Chinmaya\Dalhousie Courses\CSCI 5308\project\Group11\Backend-Spring-Boot\designite\..\src\main\java\com\Group11\soulfulplates\payload\request\WishlistRequest.java,7
..,com.Group11.soulfulplates.payload.response,CartItemDTO,15,0,31,31,110,31,0,0,0.0,0,0,C:\Users\Divyansh\Desktop\Family\Chinmaya\Dalhousie Courses\CSCI 5308\project\Group11\Backend-Spring-Boot\designite\..\src\main\java\com\Group11\soulfulplates\payload\response\CartItemDTO.java,6
..,com.Group11.soulfulplates.payload.response,CartItemResponse,7,0,15,15,53,15,0,0,0.5333333333333333,0,0,C:\Users\Divyansh\Desktop\Family\Chinmaya\Dalhousie Courses\CSCI 5308\project\Group11\Backend-Spring-Boot\designite\..\src\main\java\com\Group11\soulfulplates\payload\response\CartItemResponse.java,5
..,com.Group11.soulfulplates.payload.response,CartResponse,5,0,11,11,39,11,0,0,0.5454545454545454,0,0,C:\Users\Divyansh\Desktop\Family\Chinmaya\Dalhousie Courses\CSCI 5308\project\Group11\Backend-Spring-Boot\designite\..\src\main\java\com\Group11\soulfulplates\payload\response\CartResponse.java,5
..,com.Group11.soulfulplates.payload.response,CreateOrderResponse,4,0,7,7,40,7,0,0,0.0,5,0,C:\Users\Divyansh\Desktop\Family\Chinmaya\Dalhousie Courses\CSCI 5308\project\Group11\Backend-Spring-Boot\designite\..\src\main\java\com\Group11\soulfulplates\payload\response\CreateOrderResponse.java,3
..,com.Group11.soulfulplates.payload.response,CreateOrderResponse.Data,1,0,0,0,12,0,0,0,-1.0,0,0,C:\Users\Divyansh\Desktop\Family\Chinmaya\Dalhousie Courses\CSCI 5308\project\Group11\Backend-Spring-Boot\designite\..\src\main\java\com\Group11\soulfulplates\payload\response\CreateOrderResponse.java,14
..,com.Group11.soulfulplates.payload.response,CreatePaymentResponse,3,0,7,7,28,7,0,0,0.0,0,0,C:\Users\Divyansh\Desktop\Family\Chinmaya\Dalhousie Courses\CSCI 5308\project\Group11\Backend-Spring-Boot\designite\..\src\main\java\com\Group11\soulfulplates\payload\response\CreatePaymentResponse.java,5
..,com.Group11.soulfulplates.payload.response,JwtResponse,13,0,2,2,39,2,0,0,0.0,1,0,C:\Users\Divyansh\Desktop\Family\Chinmaya\Dalhousie Courses\CSCI 5308\project\Group11\Backend-Spring-Boot\designite\..\src\main\java\com\Group11\soulfulplates\payload\response\JwtResponse.java,8
..,com.Group11.soulfulplates.payload.response,MessageResponse,3,0,1,1,10,1,0,0,0.0,7,0,C:\Users\Divyansh\Desktop\Family\Chinmaya\Dalhousie Courses\CSCI 5308\project\Group11\Backend-Spring-Boot\designite\..\src\main\java\com\Group11\soulfulplates\payload\response\MessageResponse.java,5
..,com.Group11.soulfulplates.payload.response,OrderDetailsResponse,29,0,7,7,214,7,0,0,0.0,4,0,C:\Users\Divyansh\Desktop\Family\Chinmaya\Dalhousie Courses\CSCI 5308\project\Group11\Backend-Spring-Boot\designite\..\src\main\java\com\Group11\soulfulplates\payload\response\OrderDetailsResponse.java,6
..,com.Group11.soulfulplates.payload.response,OrderDetailsResponse.OrderDetails,26,0,0,0,186,0,0,0,-1.0,0,0,C:\Users\Divyansh\Desktop\Family\Chinmaya\Dalhousie Courses\CSCI 5308\project\Group11\Backend-Spring-Boot\designite\..\src\main\java\com\Group11\soulfulplates\payload\response\OrderDetailsResponse.java,44
..,com.Group11.soulfulplates.payload.response,OrderDetailsResponse.MenuItemDTO,15,0,0,0,107,0,0,0,-1.0,0,0,C:\Users\Divyansh\Desktop\Family\Chinmaya\Dalhousie Courses\CSCI 5308\project\Group11\Backend-Spring-Boot\designite\..\src\main\java\com\Group11\soulfulplates\payload\response\OrderDetailsResponse.java,146
..,com.Group11.soulfulplates.payload.response,OrdersResponse,29,0,7,7,218,7,0,0,0.0,4,0,C:\Users\Divyansh\Desktop\Family\Chinmaya\Dalhousie Courses\CSCI 5308\project\Group11\Backend-Spring-Boot\designite\..\src\main\java\com\Group11\soulfulplates\payload\response\OrdersResponse.java,6
..,com.Group11.soulfulplates.payload.response,OrdersResponse.OrderData,26,0,0,0,190,0,0,0,-1.0,0,0,C:\Users\Divyansh\Desktop\Family\Chinmaya\Dalhousie Courses\CSCI 5308\project\Group11\Backend-Spring-Boot\designite\..\src\main\java\com\Group11\soulfulplates\payload\response\OrdersResponse.java,42
..,com.Group11.soulfulplates.payload.response,OrdersResponse.ItemData,15,0,0,0,109,0,0,0,-1.0,0,0,C:\Users\Divyansh\Desktop\Family\Chinmaya\Dalhousie Courses\CSCI 5308\project\Group11\Backend-Spring-Boot\designite\..\src\main\java\com\Group11\soulfulplates\payload\response\OrdersResponse.java,145
..,com.Group11.soulfulplates.payload.response,OtpResponse,1,0,1,1,8,1,0,0,0.0,1,0,C:\Users\Divyansh\Desktop\Family\Chinmaya\Dalhousie Courses\CSCI 5308\project\Group11\Backend-Spring-Boot\designite\..\src\main\java\com\Group11\soulfulplates\payload\response\OtpResponse.java,6
..,com.Group11.soulfulplates.payload.response,PaymentFilterResponse,13,0,1,1,30,1,0,0,0.0,0,0,C:\Users\Divyansh\Desktop\Family\Chinmaya\Dalhousie Courses\CSCI 5308\project\Group11\Backend-Spring-Boot\designite\..\src\main\java\com\Group11\soulfulplates\payload\response\PaymentFilterResponse.java,10
..,com.Group11.soulfulplates.payload.response,SellerResponse,25,0,7,7,188,7,0,0,0.0,0,0,C:\Users\Divyansh\Desktop\Family\Chinmaya\Dalhousie Courses\CSCI 5308\project\Group11\Backend-Spring-Boot\designite\..\src\main\java\com\Group11\soulfulplates\payload\response\SellerResponse.java,3
..,com.Group11.soulfulplates.payload.response,SellerResponse.SellerData,22,0,0,0,160,0,0,0,-1.0,0,0,C:\Users\Divyansh\Desktop\Family\Chinmaya\Dalhousie Courses\CSCI 5308\project\Group11\Backend-Spring-Boot\designite\..\src\main\java\com\Group11\soulfulplates\payload\response\SellerResponse.java,39
..,com.Group11.soulfulplates.payload.response,SellerResponse.SellerDetails,14,0,0,0,102,0,0,0,-1.0,0,0,C:\Users\Divyansh\Desktop\Family\Chinmaya\Dalhousie Courses\CSCI 5308\project\Group11\Backend-Spring-Boot\designite\..\src\main\java\com\Group11\soulfulplates\payload\response\SellerResponse.java,113
..,com.Group11.soulfulplates.payload.response,SellerResponse.StoreAddress,8,0,0,0,58,0,0,0,-1.0,0,0,C:\Users\Divyansh\Desktop\Family\Chinmaya\Dalhousie Courses\CSCI 5308\project\Group11\Backend-Spring-Boot\designite\..\src\main\java\com\Group11\soulfulplates\payload\response\SellerResponse.java,169
..,com.Group11.soulfulplates.repository,AddressRepository,0,0,2,0,4,2,0,0,-1.0,4,1,C:\Users\Divyansh\Desktop\Family\Chinmaya\Dalhousie Courses\CSCI 5308\project\Group11\Backend-Spring-Boot\designite\..\src\main\java\com\Group11\soulfulplates\repository\AddressRepository.java,12
..,com.Group11.soulfulplates.repository,CartItemRepository,0,0,1,0,3,1,0,0,-1.0,3,0,C:\Users\Divyansh\Desktop\Family\Chinmaya\Dalhousie Courses\CSCI 5308\project\Group11\Backend-Spring-Boot\designite\..\src\main\java\com\Group11\soulfulplates\repository\CartItemRepository.java,9
..,com.Group11.soulfulplates.repository,CategoryRepository,0,0,1,0,3,1,0,0,-1.0,4,0,C:\Users\Divyansh\Desktop\Family\Chinmaya\Dalhousie Courses\CSCI 5308\project\Group11\Backend-Spring-Boot\designite\..\src\main\java\com\Group11\soulfulplates\repository\CategoryRepository.java,11
..,com.Group11.soulfulplates.repository,MenuItemRepository,0,0,0,0,2,0,0,0,-1.0,4,0,C:\Users\Divyansh\Desktop\Family\Chinmaya\Dalhousie Courses\CSCI 5308\project\Group11\Backend-Spring-Boot\designite\..\src\main\java\com\Group11\soulfulplates\repository\MenuItemRepository.java,9
..,com.Group11.soulfulplates.repository,OrderRepository,0,0,3,0,5,3,0,0,-1.0,5,0,C:\Users\Divyansh\Desktop\Family\Chinmaya\Dalhousie Courses\CSCI 5308\project\Group11\Backend-Spring-Boot\designite\..\src\main\java\com\Group11\soulfulplates\repository\OrderRepository.java,12
..,com.Group11.soulfulplates.repository,PaymentRepository,0,0,4,0,6,4,0,0,-1.0,2,0,C:\Users\Divyansh\Desktop\Family\Chinmaya\Dalhousie Courses\CSCI 5308\project\Group11\Backend-Spring-Boot\designite\..\src\main\java\com\Group11\soulfulplates\repository\PaymentRepository.java,13
..,com.Group11.soulfulplates.repository,RatingRepository,0,0,2,0,4,2,0,0,-1.0,2,1,C:\Users\Divyansh\Desktop\Family\Chinmaya\Dalhousie Courses\CSCI 5308\project\Group11\Backend-Spring-Boot\designite\..\src\main\java\com\Group11\soulfulplates\repository\RatingRepository.java,8
..,com.Group11.soulfulplates.repository,RoleRepository,0,0,1,0,3,1,0,0,-1.0,2,1,C:\Users\Divyansh\Desktop\Family\Chinmaya\Dalhousie Courses\CSCI 5308\project\Group11\Backend-Spring-Boot\designite\..\src\main\java\com\Group11\soulfulplates\repository\RoleRepository.java,11
..,com.Group11.soulfulplates.repository,StoreRepository,0,0,1,0,3,1,0,0,-1.0,10,0,C:\Users\Divyansh\Desktop\Family\Chinmaya\Dalhousie Courses\CSCI 5308\project\Group11\Backend-Spring-Boot\designite\..\src\main\java\com\Group11\soulfulplates\repository\StoreRepository.java,9
..,com.Group11.soulfulplates.repository,SubcategoryRepository,0,0,0,0,2,0,0,0,-1.0,4,0,C:\Users\Divyansh\Desktop\Family\Chinmaya\Dalhousie Courses\CSCI 5308\project\Group11\Backend-Spring-Boot\designite\..\src\main\java\com\Group11\soulfulplates\repository\SubcategoryRepository.java,9
..,com.Group11.soulfulplates.repository,TransactionRepository,0,0,0,0,2,0,0,0,-1.0,3,0,C:\Users\Divyansh\Desktop\Family\Chinmaya\Dalhousie Courses\CSCI 5308\project\Group11\Backend-Spring-Boot\designite\..\src\main\java\com\Group11\soulfulplates\repository\TransactionRepository.java,6
..,com.Group11.soulfulplates.repository,UserRepository,0,0,6,0,8,6,0,0,-1.0,13,0,C:\Users\Divyansh\Desktop\Family\Chinmaya\Dalhousie Courses\CSCI 5308\project\Group11\Backend-Spring-Boot\designite\..\src\main\java\com\Group11\soulfulplates\repository\UserRepository.java,13
..,com.Group11.soulfulplates.repository,WishlistRepository,0,0,0,0,2,0,0,0,-1.0,2,0,C:\Users\Divyansh\Desktop\Family\Chinmaya\Dalhousie Courses\CSCI 5308\project\Group11\Backend-Spring-Boot\designite\..\src\main\java\com\Group11\soulfulplates\repository\WishlistRepository.java,7
..,com.Group11.soulfulplates.security.jwt,AuthEntryPointJwt,1,0,1,1,14,1,0,0,0.0,1,1,C:\Users\Divyansh\Desktop\Family\Chinmaya\Dalhousie Courses\CSCI 5308\project\Group11\Backend-Spring-Boot\designite\..\src\main\java\com\Group11\soulfulplates\security\jwt\AuthEntryPointJwt.java,22
..,com.Group11.soulfulplates.security.jwt,AuthTokenFilter,3,1,2,0,28,4,0,0,0.0,1,2,C:\Users\Divyansh\Desktop\Family\Chinmaya\Dalhousie Courses\CSCI 5308\project\Group11\Backend-Spring-Boot\designite\..\src\main\java\com\Group11\soulfulplates\security\jwt\AuthTokenFilter.java,20
..,com.Group11.soulfulplates.security.jwt,JwtUtils,3,0,4,3,34,4,0,0,0.0,3,1,C:\Users\Divyansh\Desktop\Family\Chinmaya\Dalhousie Courses\CSCI 5308\project\Group11\Backend-Spring-Boot\designite\..\src\main\java\com\Group11\soulfulplates\security\jwt\JwtUtils.java,17
..,com.Group11.soulfulplates.security.services,UserDetailsImpl,9,0,11,11,55,13,0,0,0.5454545454545454,4,1,C:\Users\Divyansh\Desktop\Family\Chinmaya\Dalhousie Courses\CSCI 5308\project\Group11\Backend-Spring-Boot\designite\..\src\main\java\com\Group11\soulfulplates\security\services\UserDetailsImpl.java,15
..,com.Group11.soulfulplates.security.services,UserDetailsServiceImpl,1,0,2,2,10,2,0,0,0.0,2,3,C:\Users\Divyansh\Desktop\Family\Chinmaya\Dalhousie Courses\CSCI 5308\project\Group11\Backend-Spring-Boot\designite\..\src\main\java\com\Group11\soulfulplates\security\services\UserDetailsServiceImpl.java,11
..,com.Group11.soulfulplates.security,WebSecurityConfig,2,0,5,5,25,5,0,0,0.4,0,3,C:\Users\Divyansh\Desktop\Family\Chinmaya\Dalhousie Courses\CSCI 5308\project\Group11\Backend-Spring-Boot\designite\..\src\main\java\com\Group11\soulfulplates\security\WebSecurityConfig.java,21
..,com.Group11.soulfulplates.services,AddressService,0,0,6,5,8,6,1,0,-1.0,2,1,C:\Users\Divyansh\Desktop\Family\Chinmaya\Dalhousie Courses\CSCI 5308\project\Group11\Backend-Spring-Boot\designite\..\src\main\java\com\Group11\soulfulplates\services\AddressService.java,8
..,com.Group11.soulfulplates.services,CategoryService,0,0,6,0,8,6,0,0,-1.0,2,1,C:\Users\Divyansh\Desktop\Family\Chinmaya\Dalhousie Courses\CSCI 5308\project\Group11\Backend-Spring-Boot\designite\..\src\main\java\com\Group11\soulfulplates\services\CategoryService.java,6
..,com.Group11.soulfulplates.services,MenuItemService,0,0,4,0,6,4,1,0,-1.0,2,1,C:\Users\Divyansh\Desktop\Family\Chinmaya\Dalhousie Courses\CSCI 5308\project\Group11\Backend-Spring-Boot\designite\..\src\main\java\com\Group11\soulfulplates\services\MenuItemService.java,5
..,com.Group11.soulfulplates.services,OrderService,0,0,5,0,7,5,1,0,-1.0,2,5,C:\Users\Divyansh\Desktop\Family\Chinmaya\Dalhousie Courses\CSCI 5308\project\Group11\Backend-Spring-Boot\designite\..\src\main\java\com\Group11\soulfulplates\services\OrderService.java,9
..,com.Group11.soulfulplates.services,PaymentService,0,0,4,0,6,4,1,0,-1.0,2,1,C:\Users\Divyansh\Desktop\Family\Chinmaya\Dalhousie Courses\CSCI 5308\project\Group11\Backend-Spring-Boot\designite\..\src\main\java\com\Group11\soulfulplates\services\PaymentService.java,9
..,com.Group11.soulfulplates.services,RatingService,0,0,2,0,4,2,1,0,-1.0,2,1,C:\Users\Divyansh\Desktop\Family\Chinmaya\Dalhousie Courses\CSCI 5308\project\Group11\Backend-Spring-Boot\designite\..\src\main\java\com\Group11\soulfulplates\services\RatingService.java,7
..,com.Group11.soulfulplates.services,StoreService,0,0,6,4,8,6,1,0,-1.0,2,1,C:\Users\Divyansh\Desktop\Family\Chinmaya\Dalhousie Courses\CSCI 5308\project\Group11\Backend-Spring-Boot\designite\..\src\main\java\com\Group11\soulfulplates\services\StoreService.java,8
..,com.Group11.soulfulplates.services,SubcategoryService,0,0,5,0,7,5,0,0,-1.0,2,1,C:\Users\Divyansh\Desktop\Family\Chinmaya\Dalhousie Courses\CSCI 5308\project\Group11\Backend-Spring-Boot\designite\..\src\main\java\com\Group11\soulfulplates\services\SubcategoryService.java,6
..,com.Group11.soulfulplates.services,TransactionService,0,0,2,0,4,2,1,0,-1.0,2,1,C:\Users\Divyansh\Desktop\Family\Chinmaya\Dalhousie Courses\CSCI 5308\project\Group11\Backend-Spring-Boot\designite\..\src\main\java\com\Group11\soulfulplates\services\TransactionService.java,7
..,com.Group11.soulfulplates.services.impl,AddressServiceImpl,1,0,6,6,21,6,0,1,0.0,1,2,C:\Users\Divyansh\Desktop\Family\Chinmaya\Dalhousie Courses\CSCI 5308\project\Group11\Backend-Spring-Boot\designite\..\src\main\java\com\Group11\soulfulplates\services\impl\AddressServiceImpl.java,14
..,com.Group11.soulfulplates.services.impl,CategoryServiceImpl,1,0,6,6,21,6,0,0,0.0,1,2,C:\Users\Divyansh\Desktop\Family\Chinmaya\Dalhousie Courses\CSCI 5308\project\Group11\Backend-Spring-Boot\designite\..\src\main\java\com\Group11\soulfulplates\services\impl\CategoryServiceImpl.java,11
..,com.Group11.soulfulplates.services.impl,MenuItemServiceImpl,1,0,4,4,15,4,0,1,0.0,1,2,C:\Users\Divyansh\Desktop\Family\Chinmaya\Dalhousie Courses\CSCI 5308\project\Group11\Backend-Spring-Boot\designite\..\src\main\java\com\Group11\soulfulplates\services\impl\MenuItemServiceImpl.java,10
..,com.Group11.soulfulplates.services.impl,OrderServiceImpl,8,0,10,6,197,27,0,1,0.0,1,19,C:\Users\Divyansh\Desktop\Family\Chinmaya\Dalhousie Courses\CSCI 5308\project\Group11\Backend-Spring-Boot\designite\..\src\main\java\com\Group11\soulfulplates\services\impl\OrderServiceImpl.java,23
..,com.Group11.soulfulplates.services.impl,PaymentServiceImpl,7,0,4,4,91,11,0,1,0.0,1,11,C:\Users\Divyansh\Desktop\Family\Chinmaya\Dalhousie Courses\CSCI 5308\project\Group11\Backend-Spring-Boot\designite\..\src\main\java\com\Group11\soulfulplates\services\impl\PaymentServiceImpl.java,24
..,com.Group11.soulfulplates.services.impl,RatingServiceImpl,3,0,2,2,51,9,0,1,0.0,1,6,C:\Users\Divyansh\Desktop\Family\Chinmaya\Dalhousie Courses\CSCI 5308\project\Group11\Backend-Spring-Boot\designite\..\src\main\java\com\Group11\soulfulplates\services\impl\RatingServiceImpl.java,17
..,com.Group11.soulfulplates.services.impl,StoreServiceImpl,1,0,7,7,29,7,0,1,0.0,1,2,C:\Users\Divyansh\Desktop\Family\Chinmaya\Dalhousie Courses\CSCI 5308\project\Group11\Backend-Spring-Boot\designite\..\src\main\java\com\Group11\soulfulplates\services\impl\StoreServiceImpl.java,13
..,com.Group11.soulfulplates.services.impl,SubcategoryServiceImpl,1,0,5,5,18,5,0,0,0.0,1,2,C:\Users\Divyansh\Desktop\Family\Chinmaya\Dalhousie Courses\CSCI 5308\project\Group11\Backend-Spring-Boot\designite\..\src\main\java\com\Group11\soulfulplates\services\impl\SubcategoryServiceImpl.java,11
..,com.Group11.soulfulplates.services.impl,TransactionServiceImpl,2,0,2,2,21,2,0,1,0.0,1,3,C:\Users\Divyansh\Desktop\Family\Chinmaya\Dalhousie Courses\CSCI 5308\project\Group11\Backend-Spring-Boot\designite\..\src\main\java\com\Group11\soulfulplates\services\impl\TransactionServiceImpl.java,14
..,com.Group11.soulfulplates.services.impl,WishlistServiceImpl,2,0,4,4,31,5,0,0,0.0,3,4,C:\Users\Divyansh\Desktop\Family\Chinmaya\Dalhousie Courses\CSCI 5308\project\Group11\Backend-Spring-Boot\designite\..\src\main\java\com\Group11\soulfulplates\services\impl\WishlistServiceImpl.java,14
..,com.Group11.soulfulplates.services.impl,AddressServiceImplTest,2,0,7,7,58,7,0,0,0.0,0,3,C:\Users\Divyansh\Desktop\Family\Chinmaya\Dalhousie Courses\CSCI 5308\project\Group11\Backend-Spring-Boot\designite\..\src\test\java\com\Group11\soulfulplates\services\impl\AddressServiceImplTest.java,20
..,com.Group11.soulfulplates.services.impl,CategoryServiceImplTest,2,0,7,0,56,7,0,0,0.2857142857142857,0,3,C:\Users\Divyansh\Desktop\Family\Chinmaya\Dalhousie Courses\CSCI 5308\project\Group11\Backend-Spring-Boot\designite\..\src\test\java\com\Group11\soulfulplates\services\impl\CategoryServiceImplTest.java,18
..,com.Group11.soulfulplates.services.impl,MenuItemServiceImplTest,4,0,5,5,30,5,0,0,0.4,0,5,C:\Users\Divyansh\Desktop\Family\Chinmaya\Dalhousie Courses\CSCI 5308\project\Group11\Backend-Spring-Boot\designite\..\src\test\java\com\Group11\soulfulplates\services\impl\MenuItemServiceImplTest.java,15
..,com.Group11.soulfulplates.services.impl,OrderServiceImplTest,5,0,5,0,75,5,0,0,0.4,0,11,C:\Users\Divyansh\Desktop\Family\Chinmaya\Dalhousie Courses\CSCI 5308\project\Group11\Backend-Spring-Boot\designite\..\src\test\java\com\Group11\soulfulplates\services\impl\OrderServiceImplTest.java,25
..,com.Group11.soulfulplates.services.impl,PaymentServiceImplTest,1,0,2,2,22,2,0,0,1.0,0,2,C:\Users\Divyansh\Desktop\Family\Chinmaya\Dalhousie Courses\CSCI 5308\project\Group11\Backend-Spring-Boot\designite\..\src\test\java\com\Group11\soulfulplates\services\impl\PaymentServiceImplTest.java,14
..,com.Group11.soulfulplates.services.impl,RatingServiceImplTest,4,0,4,0,31,4,0,0,0.5,0,6,C:\Users\Divyansh\Desktop\Family\Chinmaya\Dalhousie Courses\CSCI 5308\project\Group11\Backend-Spring-Boot\designite\..\src\test\java\com\Group11\soulfulplates\services\impl\RatingServiceImplTest.java,20
..,com.Group11.soulfulplates.services.impl,SubcategoryServiceImplTest,2,0,6,0,33,6,0,0,0.3333333333333333,0,3,C:\Users\Divyansh\Desktop\Family\Chinmaya\Dalhousie Courses\CSCI 5308\project\Group11\Backend-Spring-Boot\designite\..\src\test\java\com\Group11\soulfulplates\services\impl\service.java,18
..,com.Group11.soulfulplates.services.impl,StoreServiceImplTest,2,0,3,3,39,3,0,0,0.6666666666666666,0,3,C:\Users\Divyansh\Desktop\Family\Chinmaya\Dalhousie Courses\CSCI 5308\project\Group11\Backend-Spring-Boot\designite\..\src\test\java\com\Group11\soulfulplates\services\impl\StoreServiceImplTest.java,15
..,com.Group11.soulfulplates.services.impl,TransactionServiceImplTest,3,0,3,3,45,3,0,0,0.6666666666666666,0,4,C:\Users\Divyansh\Desktop\Family\Chinmaya\Dalhousie Courses\CSCI 5308\project\Group11\Backend-Spring-Boot\designite\..\src\test\java\com\Group11\soulfulplates\services\impl\TransactionServiceImplTest.java,20
..,com.Group11.soulfulplates.services.impl,WishlistServiceImplTest,3,0,7,0,60,7,0,0,0.2857142857142857,0,6,C:\Users\Divyansh\Desktop\Family\Chinmaya\Dalhousie Courses\CSCI 5308\project\Group11\Backend-Spring-Boot\designite\..\src\test\java\com\Group11\soulfulplates\services\impl\WishlistServiceImplTest.java,21
..,com.Group11.soulfulplates.utils,CartItemUtils,0,0,2,2,8,2,0,0,-1.0,3,0,C:\Users\Divyansh\Desktop\Family\Chinmaya\Dalhousie Courses\CSCI 5308\project\Group11\Backend-Spring-Boot\designite\..\src\main\java\com\Group11\soulfulplates\utils\CartItemUtils.java,9
..,com.Group11.soulfulplates.utils,CartItemUtilsTest,0,0,2,0,32,2,0,0,-1.0,0,2,C:\Users\Divyansh\Desktop\Family\Chinmaya\Dalhousie Courses\CSCI 5308\project\Group11\Backend-Spring-Boot\designite\..\src\test\java\com\Group11\soulfulplates\utils\CartItemUtilsTest.java,11
